IMG_,@Photos,DESCRIPTION,URL STRING,LINK,YEAR,TYPE,STATUS,TYPOLOGY_01,TYPOLOGY_02,REM?,,TEAM_01,TEAM_02,TEAM_03,TEAM_04,TEAM_05,TEAM_06,TEAM_07,TEAM_08,TEAM_09,TEAM_10,TEAM_11,TEAM_12,TEAM_13,TEAM_14,TEAM_15,TEAM_16,TEAM_17,TEAM_18,TEAM_19,TEAM_20,TEAM_21,TEAM_22,TEAM_23,TEAM_24,TEAM_25,TEAM_26,TEAM_27,TEAM_28,TEAM_29,TEAM_30,TEAM_31,TEAM_32,TEAM_33,TEAM_34,TEAM_35,TEAM_36,TEAM_37,,,,,,,,,,,,,,,,,,,,,,,,,,,,,,,,,,,,,,,,,,,,,,,,,,,,,,,,,,,,,
001,D:\Google Drive\Architecture\2017\11222 Critique\11222 OMA Map\Project Data\001.jpg,Delirious New York,Delirious-New-York,oma.eu,1978,Publication,Publication,N/A,,TRUE,,N/A,,,,,,,,,,,,,,,,,,,,,,,,,,,,,,,,,,,,,,,,,,,,,,,,,,,,,,,,,,,,,,,,,,,,,,,,,,,,,,,,,,,,,,,,,,,,,,,,,
002,D:\Google Drive\Architecture\2017\11222 Critique\11222 OMA Map\Project Data\002.jpg,Dutch Parliament Extension,Dutch-Parliament-Extension,oma.eu,1978,Project,Competition,Office,,TRUE,,Zaha Hadid,Richard Perlemutter,Ron Steiner,Elias Veneris,Elia Zenghelis,,,,,,,,,,,,,,,,,,,,,,,,,,,,,,,,,,,,,,,,,,,,,,,,,,,,,,,,,,,,,,,,,,,,,,,,,,,,,,,,,,,,,,,,,,,,,
003,D:\Google Drive\Architecture\2017\11222 Critique\11222 OMA Map\Project Data\003.jpg,Irish Prime Minister's Residence,Irish-Prime-Minister's-Residence,oma.eu,1979,Project,Competition,Office,,TRUE,,Alan Forster,Stefano de Martino,Ron Steiner,Elia Zenghelis,,,,,,,,,,,,,,,,,,,,,,,,,,,,,,,,,,,,,,,,,,,,,,,,,,,,,,,,,,,,,,,,,,,,,,,,,,,,,,,,,,,,,,,,,,,,,,
004,D:\Google Drive\Architecture\2017\11222 Critique\11222 OMA Map\Project Data\004.jpg,Boompjes,Boompjes,oma.eu,1980,Project,Commissioned Study,Residential,,TRUE,,Kees Christiaanse,Gerard Comello,Stefano de Martino,Jeroen Thomas,,,,,,,,,,,,,,,,,,,,,,,,,,,,,,,,,,,,,,,,,,,,,,,,,,,,,,,,,,,,,,,,,,,,,,,,,,,,,,,,,,,,,,,,,,,,,,
005,D:\Google Drive\Architecture\2017\11222 Critique\11222 OMA Map\Project Data\005.jpg,Kochstrasse / Friedrichstrasse Housing,Kochstrasse-Friedrichstrasse-Housing,oma.eu,1980,Project,Competition,Residential,,TRUE,,Herman de Kovel,Stefano de Martino,Richard Perlemutter,Ricardo Simonini,Ron Steiner,Alex Wall,,,,,,,,,,,,,,,,,,,,,,,,,,,,,,,,,,,,,,,,,,,,,,,,,,,,,,,,,,,,,,,,,,,,,,,,,,,,,,,,,,,,,,,,,,,,
006,D:\Google Drive\Architecture\2017\11222 Critique\11222 OMA Map\Project Data\006.jpg,Koepel Panopticon Prison,Koepel-Panopticon-Prison,oma.eu,1980,Project,Commissioned Study,Infrastructure,,TRUE,,Mike Guyer,Thijs de Haan,Vahé Kalousdian,Brigitte Kochta,Victor Mani,Luc Reuse,Georg Ritschl,Karin Rühle,,,,,,,,,,,,,,,,,,,,,,,,,,,,,,,,,,,,,,,,,,,,,,,,,,,,,,,,,,,,,,,,,,,,,,,,,,,,,,,,,,,,,,,,,,
007,D:\Google Drive\Architecture\2017\11222 Critique\11222 OMA Map\Project Data\007.jpg,Lützowstrasse Housing,Lützowstrasse-Housing,oma.eu,1980,Project,Competition,Residential,,FALSE,,Norman Chang,Omri Eytan,Katerina Galani,Andreas Kourkoulas,Batsheva Ronen,Ricardo Simonini,Ron Steiner,Katerina Tsigaridas,Alex Wall,Zoe Zenghelis,Elia Zenghelis,,,,,,,,,,,,,,,,,,,,,,,,,,,,,,,,,,,,,,,,,,,,,,,,,,,,,,,,,,,,,,,,,,,,,,,,,,,,,,,,,,,,,,,
008,D:\Google Drive\Architecture\2017\11222 Critique\11222 OMA Map\Project Data\008.jpg,Parc de la Villette,Parc-de-la-Villette,oma.eu,1982,Project,Competition,Landscape,,TRUE,,Kees Christiaanse,Stefano de Martino,Ruurd Roorda,Ron Steiner,Jan Voorberg,Alex Wall,Elia Zenghelis,,,,,,,,,,,,,,,,,,,,,,,,,,,,,,,,,,,,,,,,,,,,,,,,,,,,,,,,,,,,,,,,,,,,,,,,,,,,,,,,,,,,,,,,,,,
009,D:\Google Drive\Architecture\2017\11222 Critique\11222 OMA Map\Project Data\009.jpg,Exposition Universelle,Exposition-Universelle,oma.eu,1983,Project,Design Development,Masterplan,,TRUE,,Kees Christiaanse,Stefano de Martino,Willem-Jan Neutelings,Ron Steiner,Alex Wall,Elia Zenghelis,,,,,,,,,,,,,,,,,,,,,,,,,,,,,,,,,,,,,,,,,,,,,,,,,,,,,,,,,,,,,,,,,,,,,,,,,,,,,,,,,,,,,,,,,,,,
010,D:\Google Drive\Architecture\2017\11222 Critique\11222 OMA Map\Project Data\010.jpg,Churchillplein,Churchillplein,oma.eu,1984,Project,Competition,Office,,TRUE,,Kees Christiaanse,Jaap van Heest,Götz Keller,Jeroen Thomas,,,,,,,,,,,,,,,,,,,,,,,,,,,,,,,,,,,,,,,,,,,,,,,,,,,,,,,,,,,,,,,,,,,,,,,,,,,,,,,,,,,,,,,,,,,,,,
011,D:\Google Drive\Architecture\2017\11222 Critique\11222 OMA Map\Project Data\011.jpg,De Bol,De-Bol,oma.eu,1985,Project,Commissioned Study,Masterplan,,TRUE,,Kees Christiaanse,Jaap van Heest,Götz Keller,,,,,,,,,,,,,,,,,,,,,,,,,,,,,,,,,,,,,,,,,,,,,,,,,,,,,,,,,,,,,,,,,,,,,,,,,,,,,,,,,,,,,,,,,,,,,,,
012,D:\Google Drive\Architecture\2017\11222 Critique\11222 OMA Map\Project Data\012.jpg,Lintas,Lintas,oma.eu,1985,Project,Completed,Office,,FALSE,,Kees Christiaanse,,,,,,,,,,,,,,,,,,,,,,,,,,,,,,,,,,,,,,,,,,,,,,,,,,,,,,,,,,,,,,,,,,,,,,,,,,,,,,,,,,,,,,,,,,,,,,,,,
013,D:\Google Drive\Architecture\2017\11222 Critique\11222 OMA Map\Project Data\013.jpg,Morgan Bank,Morgan-Bank,oma.eu,1985,Project,Competition,Office,,TRUE,,Kees Christiaanse,Xaveer de Geyter,Jaap van Heest,Georges Heintz,Götz Keller,Karin Rühle,Ron Steiner,Alex Wall,Elia Zenghelis,,,,,,,,,,,,,,,,,,,,,,,,,,,,,,,,,,,,,,,,,,,,,,,,,,,,,,,,,,,,,,,,,,,,,,,,,,,,,,,,,,,,,,,,,
014,D:\Google Drive\Architecture\2017\11222 Critique\11222 OMA Map\Project Data\014.jpg,Parc Citroen Cevennes,Parc-Citroen-Cevennes,oma.eu,1985,Project,Competition,Landscape,,FALSE,,Eleni Gigantes,Georges Heintz,Matthias Sauerbruch,Alex Wall,Elia Zenghelis,Zoe Zenghelis,,,,,,,,,,,,,,,,,,,,,,,,,,,,,,,,,,,,,,,,,,,,,,,,,,,,,,,,,,,,,,,,,,,,,,,,,,,,,,,,,,,,,,,,,,,,
015,D:\Google Drive\Architecture\2017\11222 Critique\11222 OMA Map\Project Data\015.jpg,Police Station,Police-Station,oma.eu,1985,Project,Completed,Office,,TRUE,,Arjan Karssenberg,Jeroen Thomas,,,,,,,,,,,,,,,,,,,,,,,,,,,,,,,,,,,,,,,,,,,,,,,,,,,,,,,,,,,,,,,,,,,,,,,,,,,,,,,,,,,,,,,,,,,,,,,,
016,D:\Google Drive\Architecture\2017\11222 Critique\11222 OMA Map\Project Data\016.jpg,Torenstraat,Torenstraat,oma.eu,1985,Project,Commissioned Study,Masterplan,,TRUE,,Kees Christiaanse,Jeroen Thomas,,,,,,,,,,,,,,,,,,,,,,,,,,,,,,,,,,,,,,,,,,,,,,,,,,,,,,,,,,,,,,,,,,,,,,,,,,,,,,,,,,,,,,,,,,,,,,,,
017,D:\Google Drive\Architecture\2017\11222 Critique\11222 OMA Map\Project Data\017.jpg,Bijlmermeer Redevelopment,Bijlmermeer-Redevelopment,oma.eu,1986,Project,Commissioned Study,Masterplan,,FALSE,,Yves Brunier,Xaveer de Geyter,Mike Guyer,Marty Kohn,Karin Rühle,Art Zaaijer,,,,,,,,,,,,,,,,,,,,,,,,,,,,,,,,,,,,,,,,,,,,,,,,,,,,,,,,,,,,,,,,,,,,,,,,,,,,,,,,,,,,,,,,,,,,
018,D:\Google Drive\Architecture\2017\11222 Critique\11222 OMA Map\Project Data\018.jpg,Casa Palestra,Casa-Palestra,oma.eu,1986,Project,Completed,Exhibition,,TRUE,,Mike Guyer,Georges Heintz,Dirk Hendriks,Arjan Karssenberg,Frans Vogelaar,Alex Wall,,,,,,,,,,,,,,,,,,,,,,,,,,,,,,,,,,,,,,,,,,,,,,,,,,,,,,,,,,,,,,,,,,,,,,,,,,,,,,,,,,,,,,,,,,,,
019,D:\Google Drive\Architecture\2017\11222 Critique\11222 OMA Map\Project Data\019.jpg,City Hall The Hague,City-Hall-The-Hague,oma.eu,1986,Project,Competition,Office,,TRUE,,Herman Helle,Götz Keller,Brigitte Kochta,Marty Kohn,Willem-Jan Neutelings,Luc Reuse,Ron Steiner,Jeroen Thomas,Garciella Torre,,,,,,,,,,,,,,,,,,,,,,,,,,,,,,,,,,,,,,,,,,,,,,,,,,,,,,,,,,,,,,,,,,,,,,,,,,,,,,,,,,,,,,,,,
020,D:\Google Drive\Architecture\2017\11222 Critique\11222 OMA Map\Project Data\020.jpg,Nederland nu als Ontwerp,Nederland-nu-als-Ontwerp,oma.eu,1986,Project,Commissioned Study,Masterplan,,TRUE,,Yves Brunier,Kees Christiaanse,Jaap van Heest,,,,,,,,,,,,,,,,,,,,,,,,,,,,,,,,,,,,,,,,,,,,,,,,,,,,,,,,,,,,,,,,,,,,,,,,,,,,,,,,,,,,,,,,,,,,,,,
021,D:\Google Drive\Architecture\2017\11222 Critique\11222 OMA Map\Project Data\021.jpg,Uithof,Uithof,oma.eu,1986,Project,Completed,Masterplan,,TRUE,,Xaveer de Geyter,Willem-Jan Neutelings,Art Zaaijer,,,,,,,,,,,,,,,,,,,,,,,,,,,,,,,,,,,,,,,,,,,,,,,,,,,,,,,,,,,,,,,,,,,,,,,,,,,,,,,,,,,,,,,,,,,,,,,
022,D:\Google Drive\Architecture\2017\11222 Critique\11222 OMA Map\Project Data\022.jpg,Woningbouw Festival,Woningbouw-Festival,oma.eu,1986,Project,Completed,Residential,,TRUE,,Han v.d. Born,Kees Christiaanse,Art Zaaijer,,,,,,,,,,,,,,,,,,,,,,,,,,,,,,,,,,,,,,,,,,,,,,,,,,,,,,,,,,,,,,,,,,,,,,,,,,,,,,,,,,,,,,,,,,,,,,,
023,D:\Google Drive\Architecture\2017\11222 Critique\11222 OMA Map\Project Data\023.jpg,Biozentrum,Biozentrum,oma.eu,1987,Project,Competition,Education,,TRUE,,Dirk Alten,Christian Delius,Xaveer de Geyter,Christian Rapp,Luc Reuse,Alex Wall,Edith Winkler,,,,,,,,,,,,,,,,,,,,,,,,,,,,,,,,,,,,,,,,,,,,,,,,,,,,,,,,,,,,,,,,,,,,,,,,,,,,,,,,,,,,,,,,,,,
024,D:\Google Drive\Architecture\2017\11222 Critique\11222 OMA Map\Project Data\024.jpg,Bus Terminal,Bus-Terminal,oma.eu,1987,Project,Demolished,Infrastructure,,TRUE,,Jaap van Heest,Götz Keller,Karin Rühle,Jeroen Thomas,,,,,,,,,,,,,,,,,,,,,,,,,,,,,,,,,,,,,,,,,,,,,,,,,,,,,,,,,,,,,,,,,,,,,,,,,,,,,,,,,,,,,,,,,,,,,,
025,D:\Google Drive\Architecture\2017\11222 Critique\11222 OMA Map\Project Data\025.jpg,Eusebius Tower,Eusebius-Tower,oma.eu,1987,Project,Commissioned Study,Residential,,TRUE,,Kees Christiaanse,,,,,,,,,,,,,,,,,,,,,,,,,,,,,,,,,,,,,,,,,,,,,,,,,,,,,,,,,,,,,,,,,,,,,,,,,,,,,,,,,,,,,,,,,,,,,,,,,
026,D:\Google Drive\Architecture\2017\11222 Critique\11222 OMA Map\Project Data\026.jpg,Netherlands Dance Theater,Netherlands-Dance-Theater,oma.eu,1987,Project,Demolished,Theatre,,TRUE,,Jaap van Heest,Dirk Hendriks,Wim Kloosterboer,Willem-Jan Neutelings,Frank Roodbeen,Ron Steiner,Jeroen Thomas,Frans Vogelaar,,,,,,,,,,,,,,,,,,,,,,,,,,,,,,,,,,,,,,,,,,,,,,,,,,,,,,,,,,,,,,,,,,,,,,,,,,,,,,,,,,,,,,,,,,
027,D:\Google Drive\Architecture\2017\11222 Critique\11222 OMA Map\Project Data\027.jpg,Ville Nouvelle Melun Senart,Ville-Nouvelle-Melun-Senart,oma.eu,1987,Project,Competition,Masterplan,,TRUE,,Yves Brunier,Xaveer de Geyter,Mike Guyer,Luc Reuse,,,,,,,,,,,,,,,,,,,,,,,,,,,,,,,,,,,,,,,,,,,,,,,,,,,,,,,,,,,,,,,,,,,,,,,,,,,,,,,,,,,,,,,,,,,,,,
028,D:\Google Drive\Architecture\2017\11222 Critique\11222 OMA Map\Project Data\028.jpg,De Brink Apartments,De-Brink-Apartments,oma.eu,1988,Project,Completed,Residential,,TRUE,,Stefano de Martino,Georg Ritschl,Jeroen Thomas,Paul de Vroom,Alex Wall,,,,,,,,,,,,,,,,,,,,,,,,,,,,,,,,,,,,,,,,,,,,,,,,,,,,,,,,,,,,,,,,,,,,,,,,,,,,,,,,,,,,,,,,,,,,,
029,D:\Google Drive\Architecture\2017\11222 Critique\11222 OMA Map\Project Data\029.jpg,Eurodisney,Eurodisney,oma.eu,1988,Project,Design Development,Hotel,,TRUE,,Xaveer de Geyter,Luc Reuse,Ron Steiner,Alex Wall,,,,,,,,,,,,,,,,,,,,,,,,,,,,,,,,,,,,,,,,,,,,,,,,,,,,,,,,,,,,,,,,,,,,,,,,,,,,,,,,,,,,,,,,,,,,,,
030,D:\Google Drive\Architecture\2017\11222 Critique\11222 OMA Map\Project Data\030.jpg,"Ij Plein Masterplan, School and Gymnasium",Ij-Plein-Masterplan-School-and-Gymnasium,oma.eu,1988,Project,Completed,Masterplan,,TRUE,,Kees Christiaanse,Herman de Kovel,Jan Voorberg,,,,,,,,,,,,,,,,,,,,,,,,,,,,,,,,,,,,,,,,,,,,,,,,,,,,,,,,,,,,,,,,,,,,,,,,,,,,,,,,,,,,,,,,,,,,,,,
031,D:\Google Drive\Architecture\2017\11222 Critique\11222 OMA Map\Project Data\031.jpg,Koninginnegracht,Koninginnegracht,oma.eu,1988,Project,Commissioned Study,Residential,,TRUE,,Xaveer de Geyter,Ron Steiner,,,,,,,,,,,,,,,,,,,,,,,,,,,,,,,,,,,,,,,,,,,,,,,,,,,,,,,,,,,,,,,,,,,,,,,,,,,,,,,,,,,,,,,,,,,,,,,,
032,D:\Google Drive\Architecture\2017\11222 Critique\11222 OMA Map\Project Data\032.jpg,Netherlands Architecture Institute,Netherlands-Architecture-Institute,oma.eu,1988,Project,Competition,Museum / Gallery,,TRUE,,Kees Christiaanse,Xaveer de Geyter,Cor van der Hout,Gregor Mescherowsky,Alexander Nowotny,Luc Reuse,Jeroen Thomas,,,,,,,,,,,,,,,,,,,,,,,,,,,,,,,,,,,,,,,,,,,,,,,,,,,,,,,,,,,,,,,,,,,,,,,,,,,,,,,,,,,,,,,,,,,
033,D:\Google Drive\Architecture\2017\11222 Critique\11222 OMA Map\Project Data\033.jpg,Patio Villa,Patio-Villa,oma.eu,1988,Project,Completed,Residential,,TRUE,,Thijs de Haan,Georges Heintz,Götz Keller,Frank Roodbeen,Jeroen Thomas,,,,,,,,,,,,,,,,,,,,,,,,,,,,,,,,,,,,,,,,,,,,,,,,,,,,,,,,,,,,,,,,,,,,,,,,,,,,,,,,,,,,,,,,,,,,,
034,D:\Google Drive\Architecture\2017\11222 Critique\11222 OMA Map\Project Data\034.jpg,Sportmuseum,Sportmuseum,oma.eu,1988,Project,Commissioned Study,Museum / Gallery,,TRUE,,Luc Reuse,,,,,,,,,,,,,,,,,,,,,,,,,,,,,,,,,,,,,,,,,,,,,,,,,,,,,,,,,,,,,,,,,,,,,,,,,,,,,,,,,,,,,,,,,,,,,,,,,
035,D:\Google Drive\Architecture\2017\11222 Critique\11222 OMA Map\Project Data\035.jpg,Frankfurt Flughafen,Frankfurt-Flughafen,oma.eu,1989,Project,Competition,Masterplan,,TRUE,,Eric van Daele,Luc Reuse,Ron Steiner,,,,,,,,,,,,,,,,,,,,,,,,,,,,,,,,,,,,,,,,,,,,,,,,,,,,,,,,,,,,,,,,,,,,,,,,,,,,,,,,,,,,,,,,,,,,,,,
036,D:\Google Drive\Architecture\2017\11222 Critique\11222 OMA Map\Project Data\036.jpg,"Presentation of Très Grande Bibliothèque, Rem Koolhaas",Presentation-of-Très-Grande-Bibliothèque,oma.eu,1989,Lecture,Lecture,N/A,,TRUE,,N/A,,,,,,,,,,,,,,,,,,,,,,,,,,,,,,,,,,,,,,,,,,,,,,,,,,,,,,,,,,,,,,,,,,,,,,,,,,,,,,,,,,,,,,,,,,,,,,,,,
037,D:\Google Drive\Architecture\2017\11222 Critique\11222 OMA Map\Project Data\037.jpg,Stad aan de Stroom,Stad-aan-de-Stroom,oma.eu,1989,Project,Commissioned Study,Masterplan,,TRUE,,Elizabeth Alford,Xaveer de Geyter,Kyoko Hoshino,Winy Maas,Vince Scarano,Ron Steiner,Yushi Uehara,,,,,,,,,,,,,,,,,,,,,,,,,,,,,,,,,,,,,,,,,,,,,,,,,,,,,,,,,,,,,,,,,,,,,,,,,,,,,,,,,,,,,,,,,,,
038,D:\Google Drive\Architecture\2017\11222 Critique\11222 OMA Map\Project Data\038.jpg,The First Decade,The-First-Decade,oma.eu,1989,Project,Completed,Exhibition,,FALSE,,Donald van Dansik,Petra Blaisse,Eric van Daele,Herman Helle,Cor van der Hout,Ramon Klein,Luc Reuse,Jennifer Sigler,Kappers Trimensi,Hans Werlemann,Art Zaaijer,,,,,,,,,,,,,,,,,,,,,,,,,,,,,,,,,,,,,,,,,,,,,,,,,,,,,,,,,,,,,,,,,,,,,,,,,,,,,,,,,,,,,,,
039,D:\Google Drive\Architecture\2017\11222 Critique\11222 OMA Map\Project Data\039.jpg,Très Grande Bibliothèque,Très-Grande-Bibliothèque,oma.eu,1989,Project,Competition,Library,,TRUE,,Christophe Cornubert,Xaveer de Geyter,Georges Heintz,Ramon Klein,Heike Lohmann,Ron Steiner,Yushi Uehara,Alex Wall,Art Zaaijer,,,,,,,,,,,,,,,,,,,,,,,,,,,,,,,,,,,,,,,,,,,,,,,,,,,,,,,,,,,,,,,,,,,,,,,,,,,,,,,,,,,,,,,,,
040,D:\Google Drive\Architecture\2017\11222 Critique\11222 OMA Map\Project Data\040.jpg,Veerplein,Veerplein,oma.eu,1989,Project,Completed,Residential,,FALSE,,Kees Christiaanse,Christian Delius,Jaap van Heest,Dirk Hendriks,Leo van Immerzeel,Vahé Kalousdian,Christian Rapp,,,,,,,,,,,,,,,,,,,,,,,,,,,,,,,,,,,,,,,,,,,,,,,,,,,,,,,,,,,,,,,,,,,,,,,,,,,,,,,,,,,,,,,,,,,
041,D:\Google Drive\Architecture\2017\11222 Critique\11222 OMA Map\Project Data\041.jpg,Zeebrugge Sea Terminal,Zeebrugge-Sea-Terminal,oma.eu,1989,Project,Competition,Infrastructure,,TRUE,,Eric van Daele,Xaveer de Geyter,Jaap van Heest,Ramon Klein,Wim Kloosterboer,Maartje Lammers,Luc Reuse,Ron Steiner,Yushi Uehara,,,,,,,,,,,,,,,,,,,,,,,,,,,,,,,,,,,,,,,,,,,,,,,,,,,,,,,,,,,,,,,,,,,,,,,,,,,,,,,,,,,,,,,,,
042,D:\Google Drive\Architecture\2017\11222 Critique\11222 OMA Map\Project Data\042.jpg,Zentrum fur Kunst und Medientechnologie,Zentrum-fur-Kunst-und-Medientechnologie,oma.eu,1989,Project,Competition,Museum / Gallery,,TRUE,,Christian Basset,Frans Blok,Gro Bonesmo,Eric Carlson,Ruud Cobussen,Christophe Cornubert,Rients Dijkstra,Christine Enzmann,Xaveer de Geyter,Marion Goerdt,Georges Heintz,Kyoko Hoshino,Wim Kloosterboer,Maartje Lammers,Heike Lohmann,Jacob van Rijs,Mark Schendel,Ron Steiner,Jeroen Thomas,Alex Wall,Laura Weeber,,,,,,,,,,,,,,,,,,,,,,,,,,,,,,,,,,,,,,,,,,,,,,,,,,,,,,,,,,,,,,,,,,,,,,,,,,,,,
043,D:\Google Drive\Architecture\2017\11222 Critique\11222 OMA Map\Project Data\043.jpg,Agadir Convention Centre,Agadir-Convention-Centre,oma.eu,1990,Project,Competition,Theatre,,TRUE,,Elizabeth Alford,Xaveer de Geyter,Winy Maas,Ray Maggiore,Vince Scarano,Ron Steiner,Yushi Uehara,,,,,,,,,,,,,,,,,,,,,,,,,,,,,,,,,,,,,,,,,,,,,,,,,,,,,,,,,,,,,,,,,,,,,,,,,,,,,,,,,,,,,,,,,,,
044,D:\Google Drive\Architecture\2017\11222 Critique\11222 OMA Map\Project Data\044.jpg,Checkpoint Charlie Apartments,Checkpoint-Charlie-Apartments,oma.eu,1990,Project,Completed,Residential,,TRUE,,Dirk Alten,Barbara Burren,Reni Keller,Matthias Sauerbruch,Alex Wall,Elia Zenghelis,,,,,,,,,,,,,,,,,,,,,,,,,,,,,,,,,,,,,,,,,,,,,,,,,,,,,,,,,,,,,,,,,,,,,,,,,,,,,,,,,,,,,,,,,,,,
045,D:\Google Drive\Architecture\2017\11222 Critique\11222 OMA Map\Project Data\045.jpg,Hilton Hotel,Hilton-Hotel,oma.eu,1990,Project,Commissioned Study,Hotel,,TRUE,,Shin-ichi Kanefuji,Hassan Karamine,Winy Maas,Sarah Whiting,,,,,,,,,,,,,,,,,,,,,,,,,,,,,,,,,,,,,,,,,,,,,,,,,,,,,,,,,,,,,,,,,,,,,,,,,,,,,,,,,,,,,,,,,,,,,,
046,D:\Google Drive\Architecture\2017\11222 Critique\11222 OMA Map\Project Data\046.jpg,Byzantium,Byzantium,oma.eu,1991,Project,Completed,Residential,,TRUE,,Kees Christiaanse,Jaap van Heest,Georges Heintz,Dirk Hendriks,Götz Keller,Marty Kohn,Georg Ritschl,Ron Steiner,Jeroen Thomas,,,,,,,,,,,,,,,,,,,,,,,,,,,,,,,,,,,,,,,,,,,,,,,,,,,,,,,,,,,,,,,,,,,,,,,,,,,,,,,,,,,,,,,,,
047,D:\Google Drive\Architecture\2017\11222 Critique\11222 OMA Map\Project Data\047.jpg,Furka Blick,Furka-Blick,oma.eu,1991,Project,Completed,Hotel,,TRUE,,Maartje Lammers,Luc Reuse,Jeroen Thomas,,,,,,,,,,,,,,,,,,,,,,,,,,,,,,,,,,,,,,,,,,,,,,,,,,,,,,,,,,,,,,,,,,,,,,,,,,,,,,,,,,,,,,,,,,,,,,,
048,D:\Google Drive\Architecture\2017\11222 Critique\11222 OMA Map\Project Data\048.jpg,Ij Oever,Ij-Oever,oma.eu,1991,Project,Commissioned Study,Masterplan,,TRUE,,Hernando Arrazola,Rients Dijkstra,Rene Heijne,Winy Maas,Ada Pelder,Alejandro Zaera Polo,Miguel Rodriguez-Casellas,Marco Snijders,Roland Stuy,Hiroki Sugiyama,Wilbert Swinkels,Tom Tulloch,Andy Woodcock,,,,,,,,,,,,,,,,,,,,,,,,,,,,,,,,,,,,,,,,,,,,,,,,,,,,,,,,,,,,,,,,,,,,,,,,,,,,,,,,,,,,,
049,D:\Google Drive\Architecture\2017\11222 Critique\11222 OMA Map\Project Data\049.jpg,Mission Grand Axe,Mission-Grand-Axe,oma.eu,1991,Project,Competition,Masterplan,,TRUE,,Udo Garritzmann,Xaveer de Geyter,Douglas Grieco,Shin-ichi Kanefuji,Winy Maas,Farshid Moussavi,Chidi Onwuka,Alejandro Zaera Polo,Sara Whiting,,,,,,,,,,,,,,,,,,,,,,,,,,,,,,,,,,,,,,,,,,,,,,,,,,,,,,,,,,,,,,,,,,,,,,,,,,,,,,,,,,,,,,,,,
050,D:\Google Drive\Architecture\2017\11222 Critique\11222 OMA Map\Project Data\050.jpg,Nexus World Housing,Nexus-World-Housing,oma.eu,1991,Project,Completed,Residential,,TRUE,,Xaveer de Geyter,Jaap van Heest,Fuminori Hoshino,Leo van Immerzeel,Shin-ichi Kanefuji,Ramon Klein,Maartje Lammers,Marc Peeters,Ron Steiner,,,,,,,,,,,,,,,,,,,,,,,,,,,,,,,,,,,,,,,,,,,,,,,,,,,,,,,,,,,,,,,,,,,,,,,,,,,,,,,,,,,,,,,,,
051,D:\Google Drive\Architecture\2017\11222 Critique\11222 OMA Map\Project Data\051.jpg,Transferia,Transferia,oma.eu,1991,Project,Competition,Masterplan,,TRUE,,Udo Garritzmann,Shin-ichi Kanefuji,Winy Maas,Chidi Onwuka,Ron Steiner,Arno de Vries,Sarah Whiting,,,,,,,,,,,,,,,,,,,,,,,,,,,,,,,,,,,,,,,,,,,,,,,,,,,,,,,,,,,,,,,,,,,,,,,,,,,,,,,,,,,,,,,,,,,
052,D:\Google Drive\Architecture\2017\11222 Critique\11222 OMA Map\Project Data\052.jpg,Video Bus Stop,Video-Bus-Stop,oma.eu,1991,Project,Completed,Infrastructure,,TRUE,,Christian Basset,,,,,,,,,,,,,,,,,,,,,,,,,,,,,,,,,,,,,,,,,,,,,,,,,,,,,,,,,,,,,,,,,,,,,,,,,,,,,,,,,,,,,,,,,,,,,,,,,
053,D:\Google Drive\Architecture\2017\11222 Critique\11222 OMA Map\Project Data\053.jpg,Villa dall'Ava,Villa-dall-Ava,oma.eu,1991,Project,Completed,Residential,,TRUE,,Xaveer de Geyter,Jeroen Thomas,,,,,,,,,,,,,,,,,,,,,,,,,,,,,,,,,,,,,,,,,,,,,,,,,,,,,,,,,,,,,,,,,,,,,,,,,,,,,,,,,,,,,,,,,,,,,,,,
054,D:\Google Drive\Architecture\2017\11222 Critique\11222 OMA Map\Project Data\054.jpg,Zac Danton,Zac-Danton,oma.eu,1991,Project,Design Development,Office,,TRUE,,Floris Alkemade,Frans Blok,Christophe Cornubert,Anne Mie Depuydt,Christine Enzmann,Winy Maas,Farshid Moussavi,,,,,,,,,,,,,,,,,,,,,,,,,,,,,,,,,,,,,,,,,,,,,,,,,,,,,,,,,,,,,,,,,,,,,,,,,,,,,,,,,,,,,,,,,,,
055,D:\Google Drive\Architecture\2017\11222 Critique\11222 OMA Map\Project Data\055.jpg,Jussieu – Two Libraries,Jussieu-–-Two-Libraries,oma.eu,1992,Project,Competition,Library,,TRUE,,Hernando Arrazola,Siebe Bakker,Gary Bates,Gro Bonesmo,Christophe Cornubert,Xaveer de Geyter,Arjen de Groot,Rene Heijne,Jerry Kopare,Markus Lüscher,Peter Oudshoorn,Jacob van Rijs,Markus Röthlisberger,Roland Stuy,Yushi Uehara,,,,,,,,,,,,,,,,,,,,,,,,,,,,,,,,,,,,,,,,,,,,,,,,,,,,,,,,,,,,,,,,,,,,,,,,,,,,,,,,,,,
056,D:\Google Drive\Architecture\2017\11222 Critique\11222 OMA Map\Project Data\056.jpg,Kunsthal,Kunsthal,oma.eu,1992,Project,Completed,Museum / Gallery,,TRUE,,Tony Adam,Isaac Batenburg,Fuminori Hoshino,Leo van Immerzeel,Herman Jacobs,Ron Steiner,Jeroen Thomas,,,,,,,,,,,,,,,,,,,,,,,,,,,,,,,,,,,,,,,,,,,,,,,,,,,,,,,,,,,,,,,,,,,,,,,,,,,,,,,,,,,,,,,,,,,
057,D:\Google Drive\Architecture\2017\11222 Critique\11222 OMA Map\Project Data\057.jpg,Stedelijk Museum,Stedelijk-Museum,oma.eu,1992,Project,Competition,Museum / Gallery,,TRUE,,Hernando Arrazola,Frans Blok,Nick Dragna,Christine Enzmann,Xaveer de Geyter,Glenn de Groot,Arjen de Groot,Kyoko Hoshino,Francis Hsu,Markus Lüscher,Farshid Moussavi,Heidrun Reusch,Vincent de Rijk,Ron Steiner,Tom Tulloch,Wieland Vajen,,,,,,,,,,,,,,,,,,,,,,,,,,,,,,,,,,,,,,,,,,,,,,,,,,,,,,,,,,,,,,,,,,,,,,,,,,,,,,,,,,
058,D:\Google Drive\Architecture\2017\11222 Critique\11222 OMA Map\Project Data\058.jpg,Yokohama Masterplan,Yokohama-Masterplan,oma.eu,1992,Project,Competition,Masterplan,,TRUE,,Gro Bonesmo,Fuminori Hoshino,Kyoko Hoshino,Winy Maas,Ron Steiner,Yushi Uehara,,,,,,,,,,,,,,,,,,,,,,,,,,,,,,,,,,,,,,,,,,,,,,,,,,,,,,,,,,,,,,,,,,,,,,,,,,,,,,,,,,,,,,,,,,,,
059,D:\Google Drive\Architecture\2017\11222 Critique\11222 OMA Map\Project Data\059.jpg,Pointcity/Southcity,Pointcity-Southcity,oma.eu,1993,Project,Commissioned Study,Masterplan,,TRUE,,Gary Bates,Winy Maas,Jacob van Rijs,Ron Steiner,Luc Veeger,Jeroen Veltman,,,,,,,,,,,,,,,,,,,,,,,,,,,,,,,,,,,,,,,,,,,,,,,,,,,,,,,,,,,,,,,,,,,,,,,,,,,,,,,,,,,,,,,,,,,,
060,D:\Google Drive\Architecture\2017\11222 Critique\11222 OMA Map\Project Data\060.jpg,C3 Maastowers,C3-Maastowers,oma.eu,1994,Project,Commissioned Study,Masterplan,,TRUE,,Esther Dekhuiyzen,Jeroen Thomas,,,,,,,,,,,,,,,,,,,,,,,,,,,,,,,,,,,,,,,,,,,,,,,,,,,,,,,,,,,,,,,,,,,,,,,,,,,,,,,,,,,,,,,,,,,,,,,,
061,D:\Google Drive\Architecture\2017\11222 Critique\11222 OMA Map\Project Data\061.jpg,Congrexpo,Congrexpo,oma.eu,1994,Project,Completed,Theatre,,TRUE,,Ruud Cobussen,Donald van Dansik,Rients Dijkstra,Jeanne Gang,Jan-Willem van Kuilenburg,Ray Maggiore,Mark Schendel,Diana Stiles,Yushi Uehara,Ron Witte,Dirk Zuiderveld,,,,,,,,,,,,,,,,,,,,,,,,,,,,,,,,,,,,,,,,,,,,,,,,,,,,,,,,,,,,,,,,,,,,,,,,,,,,,,,,,,,,,,,
062,D:\Google Drive\Architecture\2017\11222 Critique\11222 OMA Map\Project Data\062.jpg,Euralille,Euralille,oma.eu,1994,Project,Completed,Masterplan,,TRUE,,Floris Alkemade,Donald van Dansik,,,,,,,,,,,,,,,,,,,,,,,,,,,,,,,,,,,,,,,,,,,,,,,,,,,,,,,,,,,,,,,,,,,,,,,,,,,,,,,,,,,,,,,,,,,,,,,,
063,D:\Google Drive\Architecture\2017\11222 Critique\11222 OMA Map\Project Data\063.jpg,Hypobank,Hypobank,oma.eu,1994,Project,Design Development,Office,,TRUE,,Gro Bonesmo,Udo Garritzmann,Xaveer de Geyter,Arjen de Groot,Tom Hage,Fuminori Hoshino,Bas Suijkerbuijk,Tom Tulloch,Luc Veeger,,,,,,,,,,,,,,,,,,,,,,,,,,,,,,,,,,,,,,,,,,,,,,,,,,,,,,,,,,,,,,,,,,,,,,,,,,,,,,,,,,,,,,,,,
064,D:\Google Drive\Architecture\2017\11222 Critique\11222 OMA Map\Project Data\064.jpg,Miami Performing Arts Center,Miami-Performing-Arts-Center,oma.eu,1994,Project,Competition,Theatre,,TRUE,,Floris Alkemade,Hernando Arrazola,Gary Bates,Petra Blaisse,Gro Bonesmo,John Dehart,,,,,,,,,,,,,,,,,,,,,,,,,,,,,,,,,,,,,,,,,,,,,,,,,,,,,,,,,,,,,,,,,,,,,,,,,,,,,,,,,,,,,,,,,,,,
065,D:\Google Drive\Architecture\2017\11222 Critique\11222 OMA Map\Project Data\065.jpg,Museumpark,Museumpark,oma.eu,1994,Project,Completed,Landscape,,TRUE,,Tony Adam,Petra Blaisse,Yves Brunier,Maartje Lammers,Gregor Mescherowsky,,,,,,,,,,,,,,,,,,,,,,,,,,,,,,,,,,,,,,,,,,,,,,,,,,,,,,,,,,,,,,,,,,,,,,,,,,,,,,,,,,,,,,,,,,,,,
066,D:\Google Drive\Architecture\2017\11222 Critique\11222 OMA Map\Project Data\066.jpg,Saitama Arena,Saitama-Arena,oma.eu,1994,Project,Competition,Arena,,TRUE,,Thomas Daniell,Fuminori Hoshino,Yo Yamagata,,,,,,,,,,,,,,,,,,,,,,,,,,,,,,,,,,,,,,,,,,,,,,,,,,,,,,,,,,,,,,,,,,,,,,,,,,,,,,,,,,,,,,,,,,,,,,,
067,D:\Google Drive\Architecture\2017\11222 Critique\11222 OMA Map\Project Data\067.jpg,Tate Modern,Tate-Modern,oma.eu,1994,Project,Competition,Museum / Gallery,,TRUE,,Floris Alkemade,Frans Blok,Gro Bonesmo,Abigail Hopkins,Dan Wood,,,,,,,,,,,,,,,,,,,,,,,,,,,,,,,,,,,,,,,,,,,,,,,,,,,,,,,,,,,,,,,,,,,,,,,,,,,,,,,,,,,,,,,,,,,,,
068,D:\Google Drive\Architecture\2017\11222 Critique\11222 OMA Map\Project Data\068.jpg,A4 Corridor,A4-Corridor,oma.eu,1995,Project,Commissioned Study,Masterplan,,TRUE,,Donald van Dansik,Jeroen Thomas,,,,,,,,,,,,,,,,,,,,,,,,,,,,,,,,,,,,,,,,,,,,,,,,,,,,,,,,,,,,,,,,,,,,,,,,,,,,,,,,,,,,,,,,,,,,,,,,
069,D:\Google Drive\Architecture\2017\11222 Critique\11222 OMA Map\Project Data\069.jpg,Airport 2000,Airport-2000,oma.eu,1995,Project,Competition,Infrastructure,,TRUE,,Tom Bergevoet,Piet Eckert,Wim Eckert,Reinier de Graaf,Wilfried Hackenbroich,Julien Monfort,Jeroen Thomas,,,,,,,,,,,,,,,,,,,,,,,,,,,,,,,,,,,,,,,,,,,,,,,,,,,,,,,,,,,,,,,,,,,,,,,,,,,,,,,,,,,,,,,,,,,
070,D:\Google Drive\Architecture\2017\11222 Critique\11222 OMA Map\Project Data\070.jpg,Dutch House,Dutch-House,oma.eu,1995,Project,Completed,Residential,,TRUE,,Gro Bonesmo,Jeroen Thomas,,,,,,,,,,,,,,,,,,,,,,,,,,,,,,,,,,,,,,,,,,,,,,,,,,,,,,,,,,,,,,,,,,,,,,,,,,,,,,,,,,,,,,,,,,,,,,,,
071,D:\Google Drive\Architecture\2017\11222 Critique\11222 OMA Map\Project Data\071.jpg,Educatorium,Educatorium,oma.eu,1995,Project,Completed,Education,,TRUE,,Gary Bates,Frans Blok,Cristophe Cornubert,Richard Eelman,Clement Gillet,Gaudi Houdaya,Michel Melenhorst,Christian Müller,Eric Schotte,Enno Stemerding,Boukje Trenning,Henrik Valeur,Luc Veeger,Jacques Vink,,,,,,,,,,,,,,,,,,,,,,,,,,,,,,,,,,,,,,,,,,,,,,,,,,,,,,,,,,,,,,,,,,,,,,,,,,,,,,,,,,,,
072,D:\Google Drive\Architecture\2017\11222 Critique\11222 OMA Map\Project Data\072.jpg,H Project,H-Project,oma.eu,1995,Project,Commissioned Study,Education,,TRUE,,Gary Bates,Frans Blok,Sarah Dun,Wilfried Hackenbroich,Fokke Moerel,Eric Schall,Heidi van der Wardt,Dan Wood,,,,,,,,,,,,,,,,,,,,,,,,,,,,,,,,,,,,,,,,,,,,,,,,,,,,,,,,,,,,,,,,,,,,,,,,,,,,,,,,,,,,,,,,,,
073,D:\Google Drive\Architecture\2017\11222 Critique\11222 OMA Map\Project Data\073.jpg,MCA Masterplan,MCA-Masterplan,oma.eu,1995,Project,Design Development,Masterplan,,TRUE,,Floris Alkemade,Mathias Bauer,Frans Blok,Gro Bonesmo,Emanuelle Champalle,Minsuk Cho,Hans Cool,Christophe Cornubert,Vincent Coste,Otto Driesden,Chris van Duijn,Sarah Dun,Anthony Fontenot,Bill Gaskins,Wilfried Hackenbroich,Machteld Hendricks,Reiner Hermes,Matthias Hollwich,Andreas Huhn,Alex Karcher,Anna Kling,Niko Knebel,Christine Machynia,Jose Molmans,Sophie Morgense,Simone Nagel,Oleg Nikolaevski,Philip Oswalt,Rinske van Ramshorst,Joshua Ramus,Ole Scheeren,Sandra Schneider-Marfels,Charlotte Senly,Dan Wood,,,,,,,,,,,,,,,,,,,,,,,,,,,,,,,,,,,,,,,,,,,,,,,,,,,,,,,,,,,,,,,,
074,D:\Google Drive\Architecture\2017\11222 Critique\11222 OMA Map\Project Data\074.jpg,New Seoul International Airport,New-Seoul-International-Airport,oma.eu,1995,Project,Commissioned Study,Masterplan,,TRUE,,Simon van Amerongen,Gary Bates,Vincent Coste,Piet Eckert,Bobby Fogel,Kwang Soo Kim,Paul Kroese,Margaret Muller,Greetje van den Nouweland,Fanny Smelik,Jeroen Thomas,Dan Wood,,,,,,,,,,,,,,,,,,,,,,,,,,,,,,,,,,,,,,,,,,,,,,,,,,,,,,,,,,,,,,,,,,,,,,,,,,,,,,,,,,,,,,
075,D:\Google Drive\Architecture\2017\11222 Critique\11222 OMA Map\Project Data\075.jpg,Oostelijke Handelskade,Oostelijke-Handelskade,oma.eu,1995,Project,Commissioned Study,Masterplan,,TRUE,,Udo Garritzmann,Catherine Lassen,Domenico Raimondo,Ole Scheeren,,,,,,,,,,,,,,,,,,,,,,,,,,,,,,,,,,,,,,,,,,,,,,,,,,,,,,,,,,,,,,,,,,,,,,,,,,,,,,,,,,,,,,,,,,,,,,
076,D:\Google Drive\Architecture\2017\11222 Critique\11222 OMA Map\Project Data\076.jpg,"S, M, L, XL, Rem Koolhaas",S-M-L-XL,oma.eu,1995,Lecture,Lecture,N/A,,TRUE,,N/A,,,,,,,,,,,,,,,,,,,,,,,,,,,,,,,,,,,,,,,,,,,,,,,,,,,,,,,,,,,,,,,,,,,,,,,,,,,,,,,,,,,,,,,,,,,,,,,,,
077,D:\Google Drive\Architecture\2017\11222 Critique\11222 OMA Map\Project Data\077.jpg,"S,M,L,XL, The Monacelli Press",S-M-L-XL,oma.eu,1995,Publication,Publication,N/A,,TRUE,,Bruce Mau,Jennifer Sigler,,,,,,,,,,,,,,,,,,,,,,,,,,,,,,,,,,,,,,,,,,,,,,,,,,,,,,,,,,,,,,,,,,,,,,,,,,,,,,,,,,,,,,,,,,,,,,,,
078,D:\Google Drive\Architecture\2017\11222 Critique\11222 OMA Map\Project Data\078.jpg,Super and Popular,Super-and-Popular,oma.eu,1995,Project,Completed,Scenography,,TRUE,,Gro Bonesmo,Jeroen Thomas,,,,,,,,,,,,,,,,,,,,,,,,,,,,,,,,,,,,,,,,,,,,,,,,,,,,,,,,,,,,,,,,,,,,,,,,,,,,,,,,,,,,,,,,,,,,,,,,
079,D:\Google Drive\Architecture\2017\11222 Critique\11222 OMA Map\Project Data\079.jpg,Alliance Française,Alliance-Française,oma.eu,1996,Project,Completed,Office,,TRUE,,Sanna Schuiling,Jeroen Thomas,,,,,,,,,,,,,,,,,,,,,,,,,,,,,,,,,,,,,,,,,,,,,,,,,,,,,,,,,,,,,,,,,,,,,,,,,,,,,,,,,,,,,,,,,,,,,,,,
080,D:\Google Drive\Architecture\2017\11222 Critique\11222 OMA Map\Project Data\080.jpg,Electronic Showroom,Electronic-Showroom,oma.eu,1996,Project,Commissioned Study,Retail,,TRUE,,Matthias Bauer,Albert-Jan Berman,Petra Blaisse,Frans Blok,Minsuk Cho,Paul Engelen,Naomi Felder,Pim Felix,Esther Gonzalez,Luc Lévesque,James Luhur,Marcel van der Meijs,Floris van der Poel,Sanna Schuiling,Hans Werlemann,,,,,,,,,,,,,,,,,,,,,,,,,,,,,,,,,,,,,,,,,,,,,,,,,,,,,,,,,,,,,,,,,,,,,,,,,,,,,,,,,,,
081,D:\Google Drive\Architecture\2017\11222 Critique\11222 OMA Map\Project Data\081.jpg,Hyperbuilding,Hyperbuilding,oma.eu,1996,Project,Commissioned Study,Mixed use,,TRUE,,Frans Blok,Xavier Calderón,Donald van Dansik,Kristjan Kaltenbach,Kohei Kashimoto,Luc Lévesque,Jose Molmans,Oleg Nikolaevski,Stijn Rademakers,Yo Yamagata,,,,,,,,,,,,,,,,,,,,,,,,,,,,,,,,,,,,,,,,,,,,,,,,,,,,,,,,,,,,,,,,,,,,,,,,,,,,,,,,,,,,,,,,
082,D:\Google Drive\Architecture\2017\11222 Critique\11222 OMA Map\Project Data\082.jpg,Kansai Kan,Kansai-Kan,oma.eu,1996,Project,Competition,Library,,TRUE,,Simon van Amerongen,Gricha Bourbouze,Piet Eckert,Paul de Graaf,Kohei Kashimoto,Kamiel Klaasse,Barend Koolhaas,Gijs Pyckevet,Sjaak Roodbol,Pepijn van Sandijk,Bas Suijkerbuijk,Fenna Haakma Wagenaar,Yo Yamagata,,,,,,,,,,,,,,,,,,,,,,,,,,,,,,,,,,,,,,,,,,,,,,,,,,,,,,,,,,,,,,,,,,,,,,,,,,,,,,,,,,,,,
083,D:\Google Drive\Architecture\2017\11222 Critique\11222 OMA Map\Project Data\083.jpg,Luxor Theatre,Luxor-Theatre,oma.eu,1996,Project,Competition,Theatre,,TRUE,,Floris Alkemade,Tom Bergevoet,Frans Blok,Gro Bonesmo,Catherine Lassen,Christos Marcopoulos,Ole Scheeren,Sanna Schuiling,Enno Stemerding,Jeroen Thomas,Dan Wood,,,,,,,,,,,,,,,,,,,,,,,,,,,,,,,,,,,,,,,,,,,,,,,,,,,,,,,,,,,,,,,,,,,,,,,,,,,,,,,,,,,,,,,
084,D:\Google Drive\Architecture\2017\11222 Critique\11222 OMA Map\Project Data\084.jpg,Nea Krini Pier,Nea-Krini-Pier,oma.eu,1996,Project,Competition,Infrastructure,,TRUE,,Simon van Amerongen,Paul Kroese,Christos Marcopoulos,Jeroen Thomas,,,,,,,,,,,,,,,,,,,,,,,,,,,,,,,,,,,,,,,,,,,,,,,,,,,,,,,,,,,,,,,,,,,,,,,,,,,,,,,,,,,,,,,,,,,,,,
085,D:\Google Drive\Architecture\2017\11222 Critique\11222 OMA Map\Project Data\085.jpg,Schiphol Logistics Park,Schiphol-Logistics-Park,oma.eu,1996,Project,Commissioned Study,Masterplan,,FALSE,,Seong Lok Bae,Reinier de Graaf,Neville Mars,,,,,,,,,,,,,,,,,,,,,,,,,,,,,,,,,,,,,,,,,,,,,,,,,,,,,,,,,,,,,,,,,,,,,,,,,,,,,,,,,,,,,,,,,,,,,,,
086,D:\Google Drive\Architecture\2017\11222 Critique\11222 OMA Map\Project Data\086.jpg,Stockholm Olympic Stadium,Stockholm-Olympic-Stadium,oma.eu,1996,Project,Competition,Arena,,TRUE,,Rob Hilz,Catharina Lundeberg,Christos Marcopoulos,Eric Schall,Yo Yamagata,,,,,,,,,,,,,,,,,,,,,,,,,,,,,,,,,,,,,,,,,,,,,,,,,,,,,,,,,,,,,,,,,,,,,,,,,,,,,,,,,,,,,,,,,,,,,
087,D:\Google Drive\Architecture\2017\11222 Critique\11222 OMA Map\Project Data\087.jpg,Togok Towers,Togok-Towers,oma.eu,1996,Project,Commissioned Study,Mixed use,,TRUE,,Floris Alkemade,Gary Bates,Frans Blok,Gro Bonesmo,Xavier Calderón,Minsuk Cho,Thorsten Deckler,Sarah Dun,Wilfried Hackenbroich,Kohei Kashimoto,Mike Magner,Oleg Nikolaevski,Domenico Raimondo,,,,,,,,,,,,,,,,,,,,,,,,,,,,,,,,,,,,,,,,,,,,,,,,,,,,,,,,,,,,,,,,,,,,,,,,,,,,,,,,,,,,,
088,D:\Google Drive\Architecture\2017\11222 Critique\11222 OMA Map\Project Data\088.jpg,Universal Headquarters,Universal-Headquarters,oma.eu,1996,Project,Commissioned Study,Office,,TRUE,,Floris Alkemade,Mathias Bauer,Frans Blok,Gro Bonesmo,Emanuelle Champalle,Minsuk Cho,Hans Cool,Christophe Cornubert,Vincent Coste,Otto Driesden,Chris van Duijn,Sarah Dun,Anthony Fontenot,Bill Gaskins,Wilfried Hackenbroich,Machteld Hendricks,Reiner Hermes,Matthias Hollwich,Andreas Huhn,Alex Karcher,Anna Kling,Niko Knebel,Christine Machynia,Jose Molmans,Sophie Morgense,Simone Nagel,Oleg Nikolaevski,Philip Oswalt,Joshua Prince-Ramus,Rinske van Ramshorst,Ole Scheeren,Sandra Schneider-Marfels,Charlotte Senly,Dan Wood,Olga Aleksakova,Eliot Bu,Xavier Calderón,Robert Choeff,Bert Karel Deuten,Keith Donnelley,Robert Donnelly,Chris van Duijn,Chris van Duijn,Sarah Dun,Mark Eacott,Piet Eckert,Erez Ella,Keren Engelman,Rogier van Est,Anne Filson,Adrianne Fisher,Adrianne Fisher,Bruce Fisher,Pedro Costa Gama,Mark Guinand,Wilfried Hackenbroich,Reinier Hermes,Matthias Hollwich,Jens Holm,Andreas Huhn,Anna Jacinto,Kohei Kashimoto,Anna Kling,Antti Lassila,Anna Little,Ellen van Loon,Rob de Maat,Beth Margulis,Mark McVay,Oliver Michell,Christian Müller,Shawn Mulligan,Oleg Nikolaevski,Daan Ooievaar,Ala Pratt,Bill Price,Bill Price,Joshua Prince-Ramus,Joshua Prince-Ramus,Markus Randler,Gerald Rogers,Fernando Romero,Erik Schotte,Florian Seidel,Shohei Shigematsu,Ann Shih,Peer Sievers,Isabel da Silva,Isabel da Silva,Galia Solomonoff,Ilkka Tarkkanen,Lucien Tinga,Olivier Touraine,Jan Vermeulen,Leonard Weil,Bernard Wolff,Dan Wood,Marco Zurn
089,D:\Google Drive\Architecture\2017\11222 Critique\11222 OMA Map\Project Data\089.jpg,UNO – Maison des Droits de L’homme,UNO-–-Maison-des-Droits-de-L’homme,oma.eu,1996,Project,Competition,Office,,TRUE,,Xavier Calderón,Piet Eckert,Beth Margulis,Jeroen Thomas,,,,,,,,,,,,,,,,,,,,,,,,,,,,,,,,,,,,,,,,,,,,,,,,,,,,,,,,,,,,,,,,,,,,,,,,,,,,,,,,,,,,,,,,,,,,,,
090,D:\Google Drive\Architecture\2017\11222 Critique\11222 OMA Map\Project Data\090.jpg,Genoa Port,Genoa-Port,oma.eu,1997,Project,Competition,Masterplan,,TRUE,,Vincent Coste,Donald van Dansik,Adrianne Fisher,Matthias Hollwich,Adam Kurdahl,Joshua Ramus,Isabel da Silva,Julien De Smedt,Hanna Svensson,,,,,,,,,,,,,,,,,,,,,,,,,,,,,,,,,,,,,,,,,,,,,,,,,,,,,,,,,,,,,,,,,,,,,,,,,,,,,,,,,,,,,,,,,
091,D:\Google Drive\Architecture\2017\11222 Critique\11222 OMA Map\Project Data\091.jpg,Hanoi New Town Masterplan,Hanoi-New-Town-Masterplan,oma.eu,1997,Project,Commissioned Study,Masterplan,,TRUE,,Floris Alkemade,Stephanie Bender,Frans Blok,Xavier Calderón,Grace SukChing Cheung,Donald van Dansik,Claudia Dias,Chris van Duijn,Tobias Fehr,Udo Garritzmann,Verena Haydin,Reiner Hermes,Young-Joon Kim,Andrea Marlia,Philip Oswalt,Jaakko van't Spijker,Dong Ky Than,,,,,,,,,,,,,,,,,,,,,,,,,,,,,,,,,,,,,,,,,,,,,,,,,,,,,,,,,,,,,,,,,,,,,,,,,,,,,,,,,
092,D:\Google Drive\Architecture\2017\11222 Critique\11222 OMA Map\Project Data\092.jpg,Mercedes Office Village,Mercedes-Office-Village,oma.eu,1997,Project,Commissioned Study,Masterplan,,TRUE,,Floris Alkemade,Gary Bates,Reinier de Graaf,Mark McVeigh,,,,,,,,,,,,,,,,,,,,,,,,,,,,,,,,,,,,,,,,,,,,,,,,,,,,,,,,,,,,,,,,,,,,,,,,,,,,,,,,,,,,,,,,,,,,,,
093,D:\Google Drive\Architecture\2017\11222 Critique\11222 OMA Map\Project Data\093.jpg,Moma Charette,Moma-Charette,oma.eu,1997,Project,Competition,Museum / Gallery,,TRUE,,Vincent Coste,Rogier van Est,Wilfried Hackenbroich,Matthias Hollwich,Kohei Kashimoto,Joshua Prince-Ramus,Ole Scheeren,Isabel da Silva,Dan Wood,,,,,,,,,,,,,,,,,,,,,,,,,,,,,,,,,,,,,,,,,,,,,,,,,,,,,,,,,,,,,,,,,,,,,,,,,,,,,,,,,,,,,,,,,
094,D:\Google Drive\Architecture\2017\11222 Critique\11222 OMA Map\Project Data\094.jpg,Papendorp,Papendorp,oma.eu,1997,Project,Completed,Masterplan,,TRUE,,Floris Alkemade,Gary Bates,Donald van Dansik,Richard Eelman,Christos Marcopoulos,Sanna Schuiling,Isabel da Silva,Julien De Smedt,Adam Smit,Jaakko van't Spijker,,,,,,,,,,,,,,,,,,,,,,,,,,,,,,,,,,,,,,,,,,,,,,,,,,,,,,,,,,,,,,,,,,,,,,,,,,,,,,,,,,,,,,,,
095,D:\Google Drive\Architecture\2017\11222 Critique\11222 OMA Map\Project Data\095.jpg,El Baijo,El-Baijo,oma.eu,1998,Project,Competition,Masterplan,,TRUE,,Floris Alkemade,Donald van Dansik,Adrianne Fisher,Maria Martinez Jamart,Oleg Nikolaevski,Fernando Romero,Adam Smit,Galia Solomonoff,,,,,,,,,,,,,,,,,,,,,,,,,,,,,,,,,,,,,,,,,,,,,,,,,,,,,,,,,,,,,,,,,,,,,,,,,,,,,,,,,,,,,,,,,,
096,D:\Google Drive\Architecture\2017\11222 Critique\11222 OMA Map\Project Data\096.jpg,Haus Um Die Schenkung,Haus-Um-Die-Schenkung,oma.eu,1998,Project,Competition,Mixed use,,TRUE,,Frans Blok,Robert Choeff,Matthias Hollwich,Krystyan Keck,Rombout Loman,Fernando Romero,Erik Schotte,Oliver Schütte,Julien De Smedt,Barbara Wolff,,,,,,,,,,,,,,,,,,,,,,,,,,,,,,,,,,,,,,,,,,,,,,,,,,,,,,,,,,,,,,,,,,,,,,,,,,,,,,,,,,,,,,,,
097,D:\Google Drive\Architecture\2017\11222 Critique\11222 OMA Map\Project Data\097.jpg,Inchon Song–Do New Town,Inchon-Song–Do-New-Town,oma.eu,1998,Project,Commissioned Study,Masterplan,,TRUE,,Floris Alkemade,Gary Bates,Eliot Bu,Minsuk Cho,Donald van Dansik,Bert Karel Deuten,Richard Eelman,Adrianne Fisher,Adam Kurdahl,,,,,,,,,,,,,,,,,,,,,,,,,,,,,,,,,,,,,,,,,,,,,,,,,,,,,,,,,,,,,,,,,,,,,,,,,,,,,,,,,,,,,,,,,
098,D:\Google Drive\Architecture\2017\11222 Critique\11222 OMA Map\Project Data\098.jpg,Maison à Bordeaux,Maison-à-Bordeaux,oma.eu,1998,Project,Completed,Residential,,TRUE,,Vincent Coste,Chris Dondorp,Chris van Duijn,Jeanne Gang,Julien Monfort,Bill Price,Erik Schotte,Oliver Schütte,Jeroen Thomas,Yo Yamagata,,,,,,,,,,,,,,,,,,,,,,,,,,,,,,,,,,,,,,,,,,,,,,,,,,,,,,,,,,,,,,,,,,,,,,,,,,,,,,,,,,,,,,,,
099,D:\Google Drive\Architecture\2017\11222 Critique\11222 OMA Map\Project Data\099.jpg,Schiphols,Schiphols,oma.eu,1998,Project,Commissioned Study,Research,,TRUE,,Frans Blok,Bert Karel Deuten,Reinier de Graaf,Jens Hommert,Adam Kurdahl,Anna Little,Matteo Poli,Stijn Rademakers,,,,,,,,,,,,,,,,,,,,,,,,,,,,,,,,,,,,,,,,,,,,,,,,,,,,,,,,,,,,,,,,,,,,,,,,,,,,,,,,,,,,,,,,,,
100,D:\Google Drive\Architecture\2017\11222 Critique\11222 OMA Map\Project Data\100.jpg,Tenerife Link Quay,Tenerife-Link-Quay,oma.eu,1998,Project,Competition,Masterplan,,TRUE,,Gary Bates,Gary Bates,Donald van Dansik,Chris van Duijn,Matthias Hollwich,Walter Hoogerwerf,Bjarke Ingels,Joshua Ramus,Joshua Ramus,Stephan Schoeller,Colin Seah,Isabel da Silva,Julien De Smedt,Galia Solomonoff,Hanna Svensson,Maarten Weers,Hans Werlemann,,,,,,,,,,,,,,,,,,,,,,,,,,,,,,,,,,,,,,,,,,,,,,,,,,,,,,,,,,,,,,,,,,,,,,,,,,,,,,,,,
101,D:\Google Drive\Architecture\2017\11222 Critique\11222 OMA Map\Project Data\101.jpg,Y2K House,Y2K-House,oma.eu,1998,Project,Commissioned Study,Residential,,TRUE,,Uwe Herlyn,Fernando Romero,Erik Schotte,,,,,,,,,,,,,,,,,,,,,,,,,,,,,,,,,,,,,,,,,,,,,,,,,,,,,,,,,,,,,,,,,,,,,,,,,,,,,,,,,,,,,,,,,,,,,,,
102,D:\Google Drive\Architecture\2017\11222 Critique\11222 OMA Map\Project Data\102.jpg,Breuninger,Breuninger,oma.eu,1999,Project,Completed,Retail,,TRUE,,Matthias Bauer,Vincent Coste,Christos Marcopoulos,Ole Scheeren,Stephanie Bender,Minsuk Cho,Chris van Duijn,Tobias Fehr,Rob Hilz,Jan-Willem van Kuilenburg,Catherine Lassen,Sabine Schaaf,Erik Schotte,Don Weber,,,,,,,,,,,,,,,,,,,,,,,,,,,,,,,,,,,,,,,,,,,,,,,,,,,,,,,,,,,,,,,,,,,,,,,,,,,,,,,,,,,,
103,D:\Google Drive\Architecture\2017\11222 Critique\11222 OMA Map\Project Data\103.jpg,Carrefour,Carrefour,oma.eu,1999,Project,Commissioned Study,Infrastructure,,TRUE,,Donald van Dansik,Reinier de Graaf,Jens Hommert,,,,,,,,,,,,,,,,,,,,,,,,,,,,,,,,,,,,,,,,,,,,,,,,,,,,,,,,,,,,,,,,,,,,,,,,,,,,,,,,,,,,,,,,,,,,,,,
104,D:\Google Drive\Architecture\2017\11222 Critique\11222 OMA Map\Project Data\104.jpg,Cities On The Move,Cities-On-The-Move,oma.eu,1999,Project,Completed,Exhibition,,TRUE,,Ole Scheeren,,,,,,,,,,,,,,,,,,,,,,,,,,,,,,,,,,,,,,,,,,,,,,,,,,,,,,,,,,,,,,,,,,,,,,,,,,,,,,,,,,,,,,,,,,,,,,,,,
105,D:\Google Drive\Architecture\2017\11222 Critique\11222 OMA Map\Project Data\105.jpg,Havas Siege Sociale,Havas-Siege-Sociale,oma.eu,1999,Project,Competition,Office,,TRUE,,Frans Blok,Hans Focketyn,Govert Gerritsen,Andreas Huhn,Ben Jacquemet,Emanuele Mattutini,Shohei Shigematsu,Ron Southwick,Beatrice Timm,,,,,,,,,,,,,,,,,,,,,,,,,,,,,,,,,,,,,,,,,,,,,,,,,,,,,,,,,,,,,,,,,,,,,,,,,,,,,,,,,,,,,,,,,
106,D:\Google Drive\Architecture\2017\11222 Critique\11222 OMA Map\Project Data\106.jpg,Moca Roma,Moca-Roma,oma.eu,1999,Project,Competition,Museum / Gallery,,TRUE,,Seong Lok Bae,Gary Bates,Robert Choeff,Donald van Dansik,Gianmaria Sforza Fogliani,Uwe Herlyn,Krystyan Keck,Matteo Poli,Fernando Romero,Barbara Wolff,Marco Zurn,,,,,,,,,,,,,,,,,,,,,,,,,,,,,,,,,,,,,,,,,,,,,,,,,,,,,,,,,,,,,,,,,,,,,,,,,,,,,,,,,,,,,,,
107,D:\Google Drive\Architecture\2017\11222 Critique\11222 OMA Map\Project Data\107.jpg,Philips,Philips,oma.eu,1999,Project,Competition,Masterplan,,TRUE,,Frans Blok,Bob Choeff,Pauline van Gulik,Matthias Hollwich,Jenny Jones,Krystyan Keck,Rombout Loman,Kristina Manis,Natasha Sandmeier,Erik Schotte,Oliver Schütte,,,,,,,,,,,,,,,,,,,,,,,,,,,,,,,,,,,,,,,,,,,,,,,,,,,,,,,,,,,,,,,,,,,,,,,,,,,,,,,,,,,,,,,
108,D:\Google Drive\Architecture\2017\11222 Critique\11222 OMA Map\Project Data\108.jpg,Astor Place Hotel,Astor-Place-Hotel,oma.eu,2000,Project,Commissioned Study,Hotel,,TRUE,,Dan Wood,Hans Focketyn,Alain Fouraux,David Moore,Fenna Haakma Wagenaar,,,,,,,,,,,,,,,,,,,,,,,,,,,,,,,,,,,,,,,,,,,,,,,,,,,,,,,,,,,,,,,,,,,,,,,,,,,,,,,,,,,,,,,,,,,,,
109,D:\Google Drive\Architecture\2017\11222 Critique\11222 OMA Map\Project Data\109.jpg,Barcelona Airport Terminal,Barcelona-Airport-Terminal,oma.eu,2000,Project,Competition,Infrastructure,,TRUE,,Alain Fouraux,Reinierde Graaf,Carolien Ligtenberg,Paz Martin,Shohei Shigematsu,Johan De Wachter,,,,,,,,,,,,,,,,,,,,,,,,,,,,,,,,,,,,,,,,,,,,,,,,,,,,,,,,,,,,,,,,,,,,,,,,,,,,,,,,,,,,,,,,,,,,
110,D:\Google Drive\Architecture\2017\11222 Critique\11222 OMA Map\Project Data\110.jpg,Breda Chassé Campus,Breda-Chassé-Campus,oma.eu,2000,Project,Completed,Masterplan,,TRUE,,Piet Eckert,Udo Garritzmann,Govert Gerritsen,Xaveer de Geyter,Christina Machynia,Michel Melenhorst,Sanna Schuiling,Enno Stemerdink,Catherine Thiebaut,Jeroen Thomas,,,,,,,,,,,,,,,,,,,,,,,,,,,,,,,,,,,,,,,,,,,,,,,,,,,,,,,,,,,,,,,,,,,,,,,,,,,,,,,,,,,,,,,,
111,D:\Google Drive\Architecture\2017\11222 Critique\11222 OMA Map\Project Data\111.jpg,Brooklyn Academy of Music,Brooklyn-Academy-of-Music,oma.eu,2000,Project,Commissioned Study,Mixed use,,TRUE,,Dan Wood,Eric Chang,Matthias Hollwich,Thorsten Kiefer,Casey Mack,Will Prince,Julien De Smedt,Sybille Wälty,,,,,,,,,,,,,,,,,,,,,,,,,,,,,,,,,,,,,,,,,,,,,,,,,,,,,,,,,,,,,,,,,,,,,,,,,,,,,,,,,,,,,,,,,,
112,D:\Google Drive\Architecture\2017\11222 Critique\11222 OMA Map\Project Data\112.jpg,Downsview Park,Downsview-Park,oma.eu,2000,Project,Competition,Masterplan,,TRUE,,Kent Aggus,Petra Blaisse,Simon Chan,Henry Cheung,Jason Halter,Jeffrey Inaba,Louis-Charles Lasnier,Michelle Lavigne,Donald Mak,Anita Matusevics,Bruce Mau,Maris Mezulis,Riki Nishimura,David Oleson,Shadi Rahbaran,Amanda Sebris,David Wilkinson,Howard Wong,,,,,,,,,,,,,,,,,,,,,,,,,,,,,,,,,,,,,,,,,,,,,,,,,,,,,,,,,,,,,,,,,,,,,,,,,,,,,,,,
113,D:\Google Drive\Architecture\2017\11222 Critique\11222 OMA Map\Project Data\113.jpg,Prada Epicenter San Francisco,Prada-Epicenter-San-Francisco,oma.eu,2000,Project,Commissioned Study,Retail,,TRUE,,Kelly Ishida,Hilary Sample,Christina Beaumont,Evan Bennet,Chris van Duijn,Laszlo Fecske,Joao Ferrao,Alain Fouraux,Jens Hommert,Antti Lassila,Kees Lemmens,Kit Lewis,Karolina Machalica,Jao Costa Ribeiro,Pim van Wylick,Yumiko Yamada,Hiroshi Yoshino,,,,,,,,,,,,,,,,,,,,,,,,,,,,,,,,,,,,,,,,,,,,,,,,,,,,,,,,,,,,,,,,,,,,,,,,,,,,,,,,,
114,D:\Google Drive\Architecture\2017\11222 Critique\11222 OMA Map\Project Data\114.jpg,Taschen House,Taschen-House,oma.eu,2000,Project,Commissioned Study,Residential,,TRUE,,Dorte Boeressen,Jeffrey Inaba,Shiro Ogata,Henning Stüben,,,,,,,,,,,,,,,,,,,,,,,,,,,,,,,,,,,,,,,,,,,,,,,,,,,,,,,,,,,,,,,,,,,,,,,,,,,,,,,,,,,,,,,,,,,,,,
115,D:\Google Drive\Architecture\2017\11222 Critique\11222 OMA Map\Project Data\115.jpg,The Distributed House,The-Distributed-House,oma.eu,2000,Project,Commissioned Study,Residential,,TRUE,,Andreas Huhn,Jeffrey Johnson,Olga Aleksakova,Catarina Canas,Thomas Duda,Chris van Duijn,Sharon Goren,Thorsten Kiefer,Will Prince,Karen Shanski,Shohei Shigematsu,Pim van Wylick,Dan Wood,,,,,,,,,,,,,,,,,,,,,,,,,,,,,,,,,,,,,,,,,,,,,,,,,,,,,,,,,,,,,,,,,,,,,,,,,,,,,,,,,,,,,
116,D:\Google Drive\Architecture\2017\11222 Critique\11222 OMA Map\Project Data\116.jpg,Caltrans District 7 HQ,Caltrans-District-7-HQ,oma.eu,2001,Project,Competition,Office,,TRUE,,Amale Andraos,Fernando Donis,Reinier de Graaf,Ellen van Loon,Joshua Ramus,Saskia Simon,Johan De Wachter,Dan Wood,,,,,,,,,,,,,,,,,,,,,,,,,,,,,,,,,,,,,,,,,,,,,,,,,,,,,,,,,,,,,,,,,,,,,,,,,,,,,,,,,,,,,,,,,,
117,D:\Google Drive\Architecture\2017\11222 Critique\11222 OMA Map\Project Data\117.jpg,Flick House,Flick-House,oma.eu,2001,Project,Commissioned Study,Museum / Gallery,,TRUE,,Olga Aleksakova,Paul Burgstaller,Stephan Derveaux,Melissa Dowler,Stan van den Driesche,Thomas Duda,Jens Holm,Tim O'Callaghan,Katy Parsa,Florian Speier,Sygil Walty,Erik Schotte,,,,,,,,,,,,,,,,,,,,,,,,,,,,,,,,,,,,,,,,,,,,,,,,,,,,,,,,,,,,,,,,,,,,,,,,,,,,,,,,,,,,,,
118,D:\Google Drive\Architecture\2017\11222 Critique\11222 OMA Map\Project Data\118.jpg,Fondation Pinault,Fondation-Pinault,oma.eu,2001,Project,Competition,Museum / Gallery,,TRUE,,Meghan Corwin,Toma Damish,Claudia Dische,Fernando Donis,Reinier de Graaf,Beatriz Izquierdo,Alex de Jong,Thorsten Kiefer,Cornelia Locke,Paz Martin,Julien Monfort,David Moore,Shiro Ogata,Roberto Otero,Katayoun Parssanedjah,Matthieu Puyaubreau,Saskia Simon,Johan de Wachter,Fenna Haakma Wagenaar,Sybille Wälty,,,,,,,,,,,,,,,,,,,,,,,,,,,,,,,,,,,,,,,,,,,,,,,,,,,,,,,,,,,,,,,,,,,,,,,,,,,,,,
119,D:\Google Drive\Architecture\2017\11222 Critique\11222 OMA Map\Project Data\119.jpg,Harvard,Harvard,oma.eu,2001,Project,Commissioned Study,Masterplan,,TRUE,,Lucia Allais,Alice Chung,Jeffrey Inaba,Steven Lee,John McMorrough,Kate Orff,Michael Rock,Nathaniel Slayton,Hunter Tara,,,,,,,,,,,,,,,,,,,,,,,,,,,,,,,,,,,,,,,,,,,,,,,,,,,,,,,,,,,,,,,,,,,,,,,,,,,,,,,,,,,,,,,,,
120,D:\Google Drive\Architecture\2017\11222 Critique\11222 OMA Map\Project Data\120.jpg,Hermitage Guggenheim,Hermitage-Guggenheim,oma.eu,2001,Project,Demolished,Museum / Gallery,,TRUE,,Christian Bandi,Lotte Adolf,Bina Bhattacharya,Alexandra Bub,Brandon Cook,Mark Frohn,Christian Kronaus,Peter Müller,Sebastian Reusch,Natasha Sandmeier,Sybille Wälty,Mark Watanabe,Victoria Willocks,,,,,,,,,,,,,,,,,,,,,,,,,,,,,,,,,,,,,,,,,,,,,,,,,,,,,,,,,,,,,,,,,,,,,,,,,,,,,,,,,,,,,
121,D:\Google Drive\Architecture\2017\11222 Critique\11222 OMA Map\Project Data\121.jpg,Lacma Extension,Lacma-Extension,oma.eu,2001,Project,Competition,Museum / Gallery,,TRUE,,Christian Bandi,Saskia Simon,Charles Berman,Gabriela Bojalil,Selva Gurdogan,Jens Hommert,Stuart Maddocks,Shiro Ogata,Torsten Schröder,Carol Patterson,,,,,,,,,,,,,,,,,,,,,,,,,,,,,,,,,,,,,,,,,,,,,,,,,,,,,,,,,,,,,,,,,,,,,,,,,,,,,,,,,,,,,,,,
122,D:\Google Drive\Architecture\2017\11222 Critique\11222 OMA Map\Project Data\122.jpg,"Mutations, Actar",Mutations,oma.eu,2001,Publication,Publication,N/A,,TRUE,,Stefano Boeri,Sanford Kwinter, Daniela Fabricius,Hans Ulrich Obrist,Nadia Tazi,,,,,,,,,,,,,,,,,,,,,,,,,,,,,,,,,,,,,,,,,,,,,,,,,,,,,,,,,,,,,,,,,,,,,,,,,,,,,,,,,,,,,,,,,,,,,
123,D:\Google Drive\Architecture\2017\11222 Critique\11222 OMA Map\Project Data\123.jpg,Prada Epicenter New York,Prada-Epicenter-New-York,oma.eu,2001,Project,Completed,Retail,,TRUE,,Tim Archambault,Eric Chang,Ergian Alberg,Amale Andraos,Benjamin Beckers,Christina Chang,Chris van Duijn,Alain Fouraux,Jennifer Jones,Julia Lewis,Christiane Sauer,Markus Schaefer,Oliver von Spreckelsen,,,,,,,,,,,,,,,,,,,,,,,,,,,,,,,,,,,,,,,,,,,,,,,,,,,,,,,,,,,,,,,,,,,,,,,,,,,,,,,,,,,,,
124,D:\Google Drive\Architecture\2017\11222 Critique\11222 OMA Map\Project Data\124.jpg,Prins Clausplein,Prins-Clausplein,oma.eu,2001,Project,Commissioned Study,Masterplan,,TRUE,,Floris Alkemade,Stefan Bendiks,Catarina Canas,Bart Cardinaal,Claudia Dische,Reinier de Graaf,Alex de Jong,Jan Knikker,Carolien Ligtenberg,Matthieu Puyaubreau,Orri Steinarsson,,,,,,,,,,,,,,,,,,,,,,,,,,,,,,,,,,,,,,,,,,,,,,,,,,,,,,,,,,,,,,,,,,,,,,,,,,,,,,,,,,,,,,,
125,D:\Google Drive\Architecture\2017\11222 Critique\11222 OMA Map\Project Data\125.jpg,"Project on the City I: Great Leap Forward, Taschen",Project-on-the-City-I-Great-Leap-Forward,oma.eu,2001,Publication,Publication,N/A,,TRUE,,Christopher Chew,Megan Feehan,Salomon Frausto,Lauren Neefe,Cathy Lang Ho,Qingyun Ma,Sze Tsung Leong,Alice Chung,Sze Tsung Leong,Jeffrey Inaba,	Chuihua Judy Chung,Rem Koolhaas,,,,,,,,,,,,,,,,,,,,,,,,,,,,,,,,,,,,,,,,,,,,,,,,,,,,,,,,,,,,,,,,,,,,,,,,,,,,,,,,,,,,,,
126,D:\Google Drive\Architecture\2017\11222 Critique\11222 OMA Map\Project Data\126.jpg,"Project on the City II: The Harvard Guide to Shopping, Taschen",Project-on-the-City-II-The-Harvard-Guide-to-Shopping,oma.eu,2001,Publication,Publication,N/A,,TRUE,,Chuihua Judy Chung,Sze Tsung Leong,Adam Wiseman,Sze Lei Leong,Michael Kubo,Eleanor Chung,Alicia Kennedy,Jeffrey Inaba,Rem Koolhaas,,,,,,,,,,,,,,,,,,,,,,,,,,,,,,,,,,,,,,,,,,,,,,,,,,,,,,,,,,,,,,,,,,,,,,,,,,,,,,,,,,,,,,,,,
127,D:\Google Drive\Architecture\2017\11222 Critique\11222 OMA Map\Project Data\127.jpg,"Projects for Prada: Part 1, Fondazione Prada Edizioni",Projects-for-Prada-Part-1-Fondazione-Prada-Edizioni,oma.eu,2001,Publication,Publication,N/A,,TRUE,,Jens Hommert,Michael Kubo,Rem Koolhaas,Fondazione Prada Edizioni,,,,,,,,,,,,,,,,,,,,,,,,,,,,,,,,,,,,,,,,,,,,,,,,,,,,,,,,,,,,,,,,,,,,,,,,,,,,,,,,,,,,,,,,,,,,,,
128,D:\Google Drive\Architecture\2017\11222 Critique\11222 OMA Map\Project Data\128.jpg,UN City,UN-City,oma.eu,2001,Project,Competition,Masterplan,,TRUE,,Dan Wood,Amale Andraos,Alisa Andrasek,Evan Bennet,Meghan Corwin,Erez Ella,Shohei Shigematsu,Henning Stüben,Yumiko Yamada,,,,,,,,,,,,,,,,,,,,,,,,,,,,,,,,,,,,,,,,,,,,,,,,,,,,,,,,,,,,,,,,,,,,,,,,,,,,,,,,,,,,,,,,,
129,D:\Google Drive\Architecture\2017\11222 Critique\11222 OMA Map\Project Data\129.jpg,Union Station,Union-Station,oma.eu,2001,Project,Competition,Masterplan,,TRUE,,Floris Alkemade,Catarina Canas,Brandon Cook,Govert Gerritsen,Sarah Gibson,Jens Holm,Anja Kalusche,Roberto Otero,Will Prince,,,,,,,,,,,,,,,,,,,,,,,,,,,,,,,,,,,,,,,,,,,,,,,,,,,,,,,,,,,,,,,,,,,,,,,,,,,,,,,,,,,,,,,,,
130,D:\Google Drive\Architecture\2017\11222 Critique\11222 OMA Map\Project Data\130.jpg,Whitney Museum Extension,Whitney-Museum-Extension,oma.eu,2001,Project,Commissioned Study,Museum / Gallery,,TRUE,,Carol Patterson,Olga Aleksakova,Ali Arvanaghi,Brandon Cook,Markus Dettling,Erez Ella,Marissa Fort,Alain Fouraux,Sarah Gibson,Laura Gilmore,Caya Loeper,John McMorrough,Shiro Ogata,Natasha Sandmeier,Tuomas Toivonen,Fenna Haakma Wagenaar,Sybille Wälty,Yumiko Yamada,Shohei Shigematsu,Dan Wood,,,,,,,,,,,,,,,,,,,,,,,,,,,,,,,,,,,,,,,,,,,,,,,,,,,,,,,,,,,,,,,,,,,,,,,,,,,,,,
131,D:\Google Drive\Architecture\2017\11222 Critique\11222 OMA Map\Project Data\131.jpg,Amo Atlas,Amo-Atlas,oma.eu,2002,Project,Study,Research,,FALSE,,Theo Deutinger,Brendan McGetrick,Nanne de Ru,Markus Schaefer,,,,,,,,,,,,,,,,,,,,,,,,,,,,,,,,,,,,,,,,,,,,,,,,,,,,,,,,,,,,,,,,,,,,,,,,,,,,,,,,,,,,,,,,,,,,,,
132,D:\Google Drive\Architecture\2017\11222 Critique\11222 OMA Map\Project Data\132.jpg,Breda Chassé Parking,Breda-Chassé-Parking,oma.eu,2002,Project,Completed,Infrastructure,,TRUE,,Govert Gerritsen,Bart Cardinaal,Bob Choeff,Richard Eelman,Udo Garritzmann,Ana Almeida Jacinto,Jenny Jones,Philip Koenen,Jan Kooijman,Rob de Maat,Michel Melenhorst,Oliver Schütte,Shohei Shigematsu,Enno Stemerdink,Jeroen Thomas,,,,,,,,,,,,,,,,,,,,,,,,,,,,,,,,,,,,,,,,,,,,,,,,,,,,,,,,,,,,,,,,,,,,,,,,,,,,,,,,,,,
133,D:\Google Drive\Architecture\2017\11222 Critique\11222 OMA Map\Project Data\133.jpg,Cordoba Congress Centre,Cordoba-Congress-Centre,oma.eu,2002,Project,Construction,Theatre,,TRUE,,Catarina Canas,Fernando Donis,Thorsten Kiefer,Roberto Otero,Erik Schotte,Sybille Wälty,,,,,,,,,,,,,,,,,,,,,,,,,,,,,,,,,,,,,,,,,,,,,,,,,,,,,,,,,,,,,,,,,,,,,,,,,,,,,,,,,,,,,,,,,,,,
134,D:\Google Drive\Architecture\2017\11222 Critique\11222 OMA Map\Project Data\134.jpg,Delta Metropool,Delta-Metropool,oma.eu,2002,Project,Commissioned Study,Masterplan,,TRUE,,Paz Martin,Johan de Wachter,Paul Burgstaller,Stephane Derveaux,Melissa Dowler,Tim O'Callaghan,Orri Steinarsson,Gregers Tang Thomsen,Gerd Wetzel,,,,,,,,,,,,,,,,,,,,,,,,,,,,,,,,,,,,,,,,,,,,,,,,,,,,,,,,,,,,,,,,,,,,,,,,,,,,,,,,,,,,,,,,,
135,D:\Google Drive\Architecture\2017\11222 Critique\11222 OMA Map\Project Data\135.jpg,Guangzhou Opera House,Guangzhou-Opera-House,oma.eu,2002,Project,Competition,Theatre,,TRUE,,Gabriela Bojalil,Fernando Donis,Erez Ella,Selva Gurdogan,Kerem Piker,Victoria Stewart,Gregers Tang Thomsen,,,,,,,,,,,,,,,,,,,,,,,,,,,,,,,,,,,,,,,,,,,,,,,,,,,,,,,,,,,,,,,,,,,,,,,,,,,,,,,,,,,,,,,,,,,
136,D:\Google Drive\Architecture\2017\11222 Critique\11222 OMA Map\Project Data\136.jpg,Hollocore Ruhrgebiet,Hollocore-Ruhrgebiet,oma.eu,2002,Project,Commissioned Study,Research,,TRUE,,Daniel Dendra,Mamen Escorihuela,Markus Schaefer,Theo Deutinger,Nanne de Ru,Kerstin Vogel,,,,,,,,,,,,,,,,,,,,,,,,,,,,,,,,,,,,,,,,,,,,,,,,,,,,,,,,,,,,,,,,,,,,,,,,,,,,,,,,,,,,,,,,,,,,
137,D:\Google Drive\Architecture\2017\11222 Critique\11222 OMA Map\Project Data\137.jpg,Koningin Julianaplein,Koningin-Julianaplein,oma.eu,2002,Project,Competition,Residential,,TRUE,,Gabriela Bojalil,Paz Martin,Hiromasa Shirai,Patrick Bruhn,Jan Roters,Michael Smith,Erez Ella,Erik Schotte,Johan De Wachter,Sarah Gibson,Shohei Shigematsu,Katrien van Dijk,Ralph van Mameren,Caroline Andersen,Mariano Sagasta Garcia,Chris Mosiadz,Chantal Aquilina,Katharina Gerlach,Daan Ooievaar,Joshua Beck,Boris Girin,Se Yoon Park,Giannantonio Bongiorno,Alasdair Graham,Ferdjan van der Pijl,Matthew Brown,Elena Hristova,Soojung Rhee,Kees van Casteren,Klaas Kresse,Bart Schoonderbeek,Joseph Chartouni,Marcos Zotes Lopez,Ziad Shehab,Joao Bravo da Costa,Rob de Maat,Cristian Suau,,,,,,,,,,,,,,,,,,,,,,,,,,,,,,,,,,,,,,,,,,,,,,,,,,,,,,,,,,,,,
138,D:\Google Drive\Architecture\2017\11222 Critique\11222 OMA Map\Project Data\138.jpg,Lehmann Maupin Gallery – New York,Lehmann-Maupin-Gallery-–-New-York,oma.eu,2002,Project,Completed,Museum / Gallery,,TRUE,,Tim Archambault,Jeffrey Johnson,Amale Andraos,Eric Chang,,,,,,,,,,,,,,,,,,,,,,,,,,,,,,,,,,,,,,,,,,,,,,,,,,,,,,,,,,,,,,,,,,,,,,,,,,,,,,,,,,,,,,,,,,,,,,
139,D:\Google Drive\Architecture\2017\11222 Critique\11222 OMA Map\Project Data\139.jpg,Multi Media Building,Multi-Media-Building,oma.eu,2002,Project,Competition,Mixed use,,TRUE,,David Gorin,Ellen van Loon,Ole Scheeren,Guillaume Colboc,Tammo Prinz,Gregers Tang Thomsen,Roberto Otero,Hiromasa Shirai,,,,,,,,,,,,,,,,,,,,,,,,,,,,,,,,,,,,,,,,,,,,,,,,,,,,,,,,,,,,,,,,,,,,,,,,,,,,,,,,,,,,,,,,,,
140,D:\Google Drive\Architecture\2017\11222 Critique\11222 OMA Map\Project Data\140.jpg,Nato,Nato,oma.eu,2002,Project,Competition,Office,,TRUE,,Erez Ella,Nicolas Firket,Alain Fouraux,Sarah Gibson,Matthew Logan Murphy,Roberto Otero,Carol Patterson,Tammo Prinz,Shohei Shigematsu,Fenna Haakma Wagenaar,,,,,,,,,,,,,,,,,,,,,,,,,,,,,,,,,,,,,,,,,,,,,,,,,,,,,,,,,,,,,,,,,,,,,,,,,,,,,,,,,,,,,,,,
141,D:\Google Drive\Architecture\2017\11222 Critique\11222 OMA Map\Project Data\141.jpg,Prada in Store Technology,Prada-in-Store-Technology,oma.eu,2002,Project,Completed,Research,,TRUE,,Markus Schaefer,Dan Wood,Gergely Agoston,Lucia Allais,Stefan Bendiks,Joakim Dahlqvist,Laszlo Fecske,Jens Hommert,Reed Kram,Michael Kubo,Samuel Spitzer,Francesco Tiribelli,Victoria Willocks,,,,,,,,,,,,,,,,,,,,,,,,,,,,,,,,,,,,,,,,,,,,,,,,,,,,,,,,,,,,,,,,,,,,,,,,,,,,,,,,,,,,,
142,D:\Google Drive\Architecture\2017\11222 Critique\11222 OMA Map\Project Data\142.jpg,Prada Sponge,Prada-Sponge,oma.eu,2002,Project,Commissioned Study,Research,,TRUE,,Eric Chang,Chris van Duijn,Ole Scheeren,,,,,,,,,,,,,,,,,,,,,,,,,,,,,,,,,,,,,,,,,,,,,,,,,,,,,,,,,,,,,,,,,,,,,,,,,,,,,,,,,,,,,,,,,,,,,,,
143,D:\Google Drive\Architecture\2017\11222 Critique\11222 OMA Map\Project Data\143.jpg,Ascot Residence,Ascot-Residence,oma.eu,2003,Project,Competition,Residential,,TRUE,,Olga Aleksakova,George Bucher,Paz Martin,Florian Pucher,Sebastian Thomas,Johan de Wachter,,,,,,,,,,,,,,,,,,,,,,,,,,,,,,,,,,,,,,,,,,,,,,,,,,,,,,,,,,,,,,,,,,,,,,,,,,,,,,,,,,,,,,,,,,,,
144,D:\Google Drive\Architecture\2017\11222 Critique\11222 OMA Map\Project Data\144.jpg,Beijing Books Building,Beijing-Books-Building,oma.eu,2003,Project,Competition,Retail,,TRUE,,Eric Chang,Katrin Betschinger,Tiago Branco-Sampaio,George Bucher,Kees van Casteren,Dan Cheong,Hugo Clara,Haiko Cornelissen,Fernando Donis,Keru Feng,Alain Fouraux,Selva Gurdogan,Michelle Liu,Xiaodong Liu,Ellen van Loon,Jeff Ludlow,Miho Mazereeuw,Cristina Cassandra Murphy,Nuno Rosado,Oriol Hostench Ruiz,Hiromasa Shirai,Sebastian Thomas,Gregers Tang Thomsen,Boris Vapne,Finn Williams,Dongmei Yao,Camia Young,,,,,,,,,,,,,,,,,,,,,,,,,,,,,,,,,,,,,,,,,,,,,,,,,,,,,,,,,,,,,,,,,,,,,,,
145,D:\Google Drive\Architecture\2017\11222 Critique\11222 OMA Map\Project Data\145.jpg,Beijing Central Business District,Beijing-Central-Business-District,oma.eu,2003,Project,Competition,Masterplan,,TRUE,,Christian Bandi,George Bucher,Paul Burgstaller,Jin Chong,Theo Deutinger,Fernando Donis,Teran Evans,Teman Evans,Emilie Gomart,Selva Gurdogan,James Harper,Peter Knutson,Mee Michelle Liu,Florian Pucher,Nanne de Ru,Gregers Tang Thomsen,Victoria Willocks,,,,,,,,,,,,,,,,,,,,,,,,,,,,,,,,,,,,,,,,,,,,,,,,,,,,,,,,,,,,,,,,,,,,,,,,,,,,,,,,,
146,D:\Google Drive\Architecture\2017\11222 Critique\11222 OMA Map\Project Data\146.jpg,Beijing Preservation,Beijing-Preservation,oma.eu,2003,Project,Competition,Retail,,TRUE,,Eric Chang,Katrin Betschinger,Tiago Branco-Sampaio,George Bucher,Kees van Casteren,Dan Cheong,Hugo Clara,Haiko Cornelissen,Fernando Donis,Keru Feng,Alain Fouraux,Selva Gurdogan,Michelle Liu,Xiaodong Liu,Ellen van Loon,Jeff Ludlow,Miho Mazereeuw,Cristina Cassandra Murphy,Nuno Rosado,Oriol Hostench Ruiz,Hiromasa Shirai,Sebastian Thomas,Gregers Tang Thomsen,Boris Vapne,Finn Williams,Dongmei Yao,Camia Young,,,,,,,,,,,,,,,,,,,,,,,,,,,,,,,,,,,,,,,,,,,,,,,,,,,,,,,,,,,,,,,,,,,,,,,
147,D:\Google Drive\Architecture\2017\11222 Critique\11222 OMA Map\Project Data\147.jpg,Breda Carré Building,Breda-Carré-Building,oma.eu,2003,Project,Completed,Residential,,TRUE,,Richard Eelman,Govert Gerritsen,Reinier de Graaf,Jan Kooijman,Rob de Maat,Michel Melenhorst,Fernando Romero,Jeroen Thomas,,,,,,,,,,,,,,,,,,,,,,,,,,,,,,,,,,,,,,,,,,,,,,,,,,,,,,,,,,,,,,,,,,,,,,,,,,,,,,,,,,,,,,,,,,
148,D:\Google Drive\Architecture\2017\11222 Critique\11222 OMA Map\Project Data\148.jpg,Content,Content,oma.eu,2003,Project,Completed,Exhibition,,TRUE,,Jens Hommert,,,,,,,,,,,,,,,,,,,,,,,,,,,,,,,,,,,,,,,,,,,,,,,,,,,,,,,,,,,,,,,,,,,,,,,,,,,,,,,,,,,,,,,,,,,,,,,,,
149,D:\Google Drive\Architecture\2017\11222 Critique\11222 OMA Map\Project Data\149.jpg,European Central Bank,European-Central-Bank,oma.eu,2003,Project,Competition,Office,,TRUE,,Olga Aleksakova,George Bucher,George Bucher,Rodrigo Nunèz Carrasco,Roberto Otero,Sebastian Thomas,Daniela Zimmer,,,,,,,,,,,,,,,,,,,,,,,,,,,,,,,,,,,,,,,,,,,,,,,,,,,,,,,,,,,,,,,,,,,,,,,,,,,,,,,,,,,,,,,,,,,
150,D:\Google Drive\Architecture\2017\11222 Critique\11222 OMA Map\Project Data\150.jpg,Het Paard van Troje,Het-Paard-van-Troje,oma.eu,2003,Project,Completed,Theatre,,TRUE,,Frans Blok,Bart Cardinaal,Rob Hilz,Jan Kooijman,Christos Marcopoulos,Fokke Moerel,Don Weber,,,,,,,,,,,,,,,,,,,,,,,,,,,,,,,,,,,,,,,,,,,,,,,,,,,,,,,,,,,,,,,,,,,,,,,,,,,,,,,,,,,,,,,,,,,
151,D:\Google Drive\Architecture\2017\11222 Critique\11222 OMA Map\Project Data\151.jpg,IIT McCormick Tribune Campus Center,IIT-McCormick-Tribune-Campus-Center,oma.eu,2003,Project,Completed,Education,,TRUE,,Sarah Dun,Anne Filson,Jeffrey Johnson,Kristina Manis,Gary Bates,Frans Blok,Gro Bonesmo,Eliot Bu,Becca Dudley,Martin Felsen,Adrianne Fisher,Bruce Fisher,Christina Fuchs,Laura Gilmore,Uwe Herlyn,Matthias Hollwich,Krystyan Keck,Adam Kurdahl,Vanessa de Assis Lamounier,Julien Monfort,Christian Müller,Kate Orff,Matteo Poli,Joshua Prince-Ramus,Fernando Romero,Julien De Smedt,Tuomas Toivonen,Angela van der Zee,,,,,,,,,,,,,,,,,,,,,,,,,,,,,,,,,,,,,,,,,,,,,,,,,,,,,,,,,,,,,,,,,,,,,,
152,D:\Google Drive\Architecture\2017\11222 Critique\11222 OMA Map\Project Data\152.jpg,"Kool World, Condé Nast",Kool-World-Condé-Nast,oma.eu,2003,Publication,Publication,N/A,,TRUE,,AMO,,,,,,,,,,,,,,,,,,,,,,,,,,,,,,,,,,,,,,,,,,,,,,,,,,,,,,,,,,,,,,,,,,,,,,,,,,,,,,,,,,,,,,,,,,,,,,,,,
153,D:\Google Drive\Architecture\2017\11222 Critique\11222 OMA Map\Project Data\153.jpg,Les Halles,Les-Halles,oma.eu,2003,Project,Competition,Masterplan,,TRUE,,Clément Blanchet,Benjamin Clarens,Nicolas Firket,Natacha Fricout,Mee Michelle Liu,Michael Smith,Johan De Wachter,Camia Youn,,,,,,,,,,,,,,,,,,,,,,,,,,,,,,,,,,,,,,,,,,,,,,,,,,,,,,,,,,,,,,,,,,,,,,,,,,,,,,,,,,,,,,,,,,
154,D:\Google Drive\Architecture\2017\11222 Critique\11222 OMA Map\Project Data\154.jpg,Netherlands Embassy,Netherlands-Embassy,oma.eu,2003,Project,Completed,Office,,TRUE,,Gro Bonesmo,Michelle Howard,Erik Schotte,Stan Aarts,Mette Bos,Robert Choeff,Paolo Costa,Anne Filson,Adrianne Fisher,Bruce Fisher,Udo Garritzmann,Marc Guinand,Annick Hess,Matthias Hollwich,Jenny Jones,Thomas Kolbasenko,Adam Kurdahl,Antti Lassila,Anu Leinonen,Nils Lindhorst,Rombout Loman,Susanne Manthey,Beth Margulis,Christian Müller,Daan Ooievaar,Bill Price,Tammo Prinz,Shadi Rahbaran,Fernando Romero,Christiane Sauer,Oliver Schütte,Julien De Smedt,Felix Thoma,Katrin Thorhauer,Carolus Traenkner,Moritz von Voss,Barbara Wolff,,,,,,,,,,,,,,,,,,,,,,,,,,,,,,,,,,,,,,,,,,,,,,,,,,,,,,,,,,,,,
155,D:\Google Drive\Architecture\2017\11222 Critique\11222 OMA Map\Project Data\155.jpg,Prada Sport,Prada-Sport,oma.eu,2003,Project,Commissioned Study,Research,,FALSE,,Reinier de Graaf,Jens Hommert,Markus Schaefer,,,,,,,,,,,,,,,,,,,,,,,,,,,,,,,,,,,,,,,,,,,,,,,,,,,,,,,,,,,,,,,,,,,,,,,,,,,,,,,,,,,,,,,,,,,,,,,
156,D:\Google Drive\Architecture\2017\11222 Critique\11222 OMA Map\Project Data\156.jpg,Almere Block 6,Almere-Block-6,oma.eu,2004,Project,Completed,Theatre,,TRUE,,Olga Aleksakova,Kees van Casteren,Rob de Maat,Karen Shanski,Shohei Shigematsu,Bina Bhattacharya,Bart Cardinaal,Laszlo Fecske,Sharon Goren,Philip Koenen,Antti Lassila,Paz Martin,Markus Schaefer,Mark Watanabe,,,,,,,,,,,,,,,,,,,,,,,,,,,,,,,,,,,,,,,,,,,,,,,,,,,,,,,,,,,,,,,,,,,,,,,,,,,,,,,,,,,,
157,D:\Google Drive\Architecture\2017\11222 Critique\11222 OMA Map\Project Data\157.jpg,"Content, Taschen",Content-Taschen,oma.eu,2004,Publication,Publication,N/A,,TRUE,,Brendan McGetrick,,,,,,,,,,,,,,,,,,,,,,,,,,,,,,,,,,,,,,,,,,,,,,,,,,,,,,,,,,,,,,,,,,,,,,,,,,,,,,,,,,,,,,,,,,,,,,,,,
158,D:\Google Drive\Architecture\2017\11222 Critique\11222 OMA Map\Project Data\158.jpg,Ecole Polytechnique Federale De Lausanne – Learning Center,Ecole-Polytechnique-Federale-De-Lausanne-–-Learning-Center,oma.eu,2004,Project,Competition,Education,,TRUE,,Fernando Donis,Clément Blanchet,Catarina Canas,Joao Bravo da Costa,Cedric von Daniken,Tiago Simas Freire,Gustavo Guimarães,Trine Kobbelvedt,Simon Kretz,Xiaodong Liu,Laurent Troost,,,,,,,,,,,,,,,,,,,,,,,,,,,,,,,,,,,,,,,,,,,,,,,,,,,,,,,,,,,,,,,,,,,,,,,,,,,,,,,,,,,,,,,
159,D:\Google Drive\Architecture\2017\11222 Critique\11222 OMA Map\Project Data\159.jpg,Gent Forum,Gent-Forum,oma.eu,2004,Project,Competition,Theatre,,TRUE,,Gabriella Bojalil,Catarina Canas,Kees van Casteren,Fernando Donis,Frank Eittorf,Gustavo Guimarães,Selva Gurdogan,Trine Kobbelvedt,Michelle Liu,Rob de Maat,Konstantinos Pantazis,Filip Rem,Beatrice Schiavina,Michael Smith,Gregers Tang Thomsen,Joris Weijts,,,,,,,,,,,,,,,,,,,,,,,,,,,,,,,,,,,,,,,,,,,,,,,,,,,,,,,,,,,,,,,,,,,,,,,,,,,,,,,,,,
160,D:\Google Drive\Architecture\2017\11222 Critique\11222 OMA Map\Project Data\160.jpg,Gent Oude Dokken,Gent-Oude-Dokken,oma.eu,2004,Project,Competition,Masterplan,,TRUE,,Gjergj Bakallbashi,Annalisa Castorri,Haiko Cornelissen,Lodewijk van Eeghen,Frank Eittorf,Tiago Simas Freire,Pieter Janssens,Alexandra Jezierski,Marieke Kums,Miho Mazereeuw,Edward Neale,Tiago Farinha Rodrigues,Camia Young,,,,,,,,,,,,,,,,,,,,,,,,,,,,,,,,,,,,,,,,,,,,,,,,,,,,,,,,,,,,,,,,,,,,,,,,,,,,,,,,,,,,,
161,D:\Google Drive\Architecture\2017\11222 Critique\11222 OMA Map\Project Data\161.jpg,Idea Vertical Campus,Idea-Vertical-Campus,oma.eu,2004,Project,Competition,Education,,TRUE,,Shohei Shigematsu,Fernando Donis,Rodney Eggleston,Alain Fouraux,Thomas von Girsewald,Filip Rem,Hiromasa Shirai,Michael Smith,Steffi Wedde,,,,,,,,,,,,,,,,,,,,,,,,,,,,,,,,,,,,,,,,,,,,,,,,,,,,,,,,,,,,,,,,,,,,,,,,,,,,,,,,,,,,,,,,,
162,D:\Google Drive\Architecture\2017\11222 Critique\11222 OMA Map\Project Data\162.jpg,Leeum Museum,Leeum-Museum,oma.eu,2004,Project,Completed,Museum / Gallery,,TRUE,,Kunle Adeyemi,Charles Berman,Paul Burgstaller,Minsuk Cho,James Harper,Shiro Ogata,Daan Ooievaar,Torsten Schröder,Mark Watanabe,Victoria Willocks,,,,,,,,,,,,,,,,,,,,,,,,,,,,,,,,,,,,,,,,,,,,,,,,,,,,,,,,,,,,,,,,,,,,,,,,,,,,,,,,,,,,,,,,
163,D:\Google Drive\Architecture\2017\11222 Critique\11222 OMA Map\Project Data\163.jpg,Logroño,Logroño,oma.eu,2004,Project,Competition,Masterplan,,TRUE,,Annalisa Castorri,Hugo Clara,João Bravo da Costa,Cedric von Daniken,Chris van Duijn,Jens Eberhardt,Frank Eittorf,Gaspard Estourgie,Ramona Jenss,Alexandra Jezierski,Trine Kobbelvedt,Julius Kranefuss,Marieke Kums,Beatriz Ramo,,,,,,,,,,,,,,,,,,,,,,,,,,,,,,,,,,,,,,,,,,,,,,,,,,,,,,,,,,,,,,,,,,,,,,,,,,,,,,,,,,,,
164,D:\Google Drive\Architecture\2017\11222 Critique\11222 OMA Map\Project Data\164.jpg,Mercati Generali,Mercati-Generali,oma.eu,2004,Project,Competition,Mixed use,,TRUE,,Roberto Otero,Kunle Adeyemi,João Amaro,Berit Bessell,Clément Blanchet,Kees van Casteren,Frank Eittorf,Gaspard Estourgie,Tiago Simas Freire,Thomas v. Girsewald,Ramona Jenss,Rob de Maat,Cristina Cassandra Murphy,Marco di Piaggi,Beatriz Ramo,Maurizio Scarciglia,Beatrice Schiavina,Spela Stern,Camia Youn,,,,,,,,,,,,,,,,,,,,,,,,,,,,,,,,,,,,,,,,,,,,,,,,,,,,,,,,,,,,,,,,,,,,,,,,,,,,,,,
165,D:\Google Drive\Architecture\2017\11222 Critique\11222 OMA Map\Project Data\165.jpg,National Museum of China,National-Museum-of-China,oma.eu,2004,Project,Competition,Museum / Gallery,,TRUE,,Shohei Shigematsu,Berit Bessell,Clément Blanchet,Catarina Canas,Jin Chong,Joao Bravo da Costa,Marieke Kums,Michelle Liu,Xiaodong Liu,Michael Smith,,,,,,,,,,,,,,,,,,,,,,,,,,,,,,,,,,,,,,,,,,,,,,,,,,,,,,,,,,,,,,,,,,,,,,,,,,,,,,,,,,,,,,,,
166,D:\Google Drive\Architecture\2017\11222 Critique\11222 OMA Map\Project Data\166.jpg,Penang Tropical City,Penang-Tropical-City,oma.eu,2004,Project,Competition,Masterplan,,FALSE,,Eric Chang,Jens Eberhardt,Catarina Canas,Ivo van Capeleveen,Miha Cebulj,João Bravo da Costa,Pieter Janssens,Trine Kobbelvedt,Julius G. Krausfuss,Felix Madrazo,Yusuke Okabaya,Marc Verheijen,,,,,,,,,,,,,,,,,,,,,,,,,,,,,,,,,,,,,,,,,,,,,,,,,,,,,,,,,,,,,,,,,,,,,,,,,,,,,,,,,,,,,,
167,D:\Google Drive\Architecture\2017\11222 Critique\11222 OMA Map\Project Data\167.jpg,Prada Epicenter Los Angeles,Prada-Epicenter-Los-Angeles,oma.eu,2004,Project,Completed,Retail,,TRUE,,Eric Chang,Jessica Rothschild,Amale Andraos,Christian Bandi,Catarina Canas,Chris van Duijn,Chris van Duijn,Keren Engelman,Ali Kops,Jocelyn Low,David Moore,Torsten Schröder,Mark Watanabe,,,,,,,,,,,,,,,,,,,,,,,,,,,,,,,,,,,,,,,,,,,,,,,,,,,,,,,,,,,,,,,,,,,,,,,,,,,,,,,,,,,,,
168,D:\Google Drive\Architecture\2017\11222 Critique\11222 OMA Map\Project Data\168.jpg,Prada Waist Down,Prada-Waist-Down,oma.eu,2004,Project,Completed,Exhibition,,TRUE,,Nicolas Firket,Michelle Liu,Kayoko Ota,Shohei Shigematsu,Jorgen Skogomo,Michael Smith,Eriko Watanbe,,,,,,,,,,,,,,,,,,,,,,,,,,,,,,,,,,,,,,,,,,,,,,,,,,,,,,,,,,,,,,,,,,,,,,,,,,,,,,,,,,,,,,,,,,,
169,D:\Google Drive\Architecture\2017\11222 Critique\11222 OMA Map\Project Data\169.jpg,S Project,S-Project,oma.eu,2004,Project,Competition,Masterplan,,TRUE,,Kunle Adeyemi,Catarina Canas,Rodrigo Nunèz Carrasco,Rodney Eggleston,Natacha Fricout,Jeremy Godenir,Young Wook Jong,Antonis Karides,Mee Michelle Liu,Roberto Otero,Steffi Wedde,Camia Young,Daniela Zimmer,,,,,,,,,,,,,,,,,,,,,,,,,,,,,,,,,,,,,,,,,,,,,,,,,,,,,,,,,,,,,,,,,,,,,,,,,,,,,,,,,,,,,
170,D:\Google Drive\Architecture\2017\11222 Critique\11222 OMA Map\Project Data\170.jpg,Seattle Central Library,Seattle-Central-Library,oma.eu,2004,Project,Completed,Library,,TRUE,,Meghan Corwin,Mark von Hof-Zogrotzki,Bjarke Ingels,Carol Patterson,Natasha Sandmeier,Ali Arvanaghi,Florence Clausel,Keely Colcleugh,Rachel Doherty,Thomas Dubuisson,Chris van Duijn,Erez Ella,Achim Gergen,Sarah Gibson,Laura Gilmore,Eveline Jürgens,Antti Lassila,Anna Little,John McMorrough,Kate Orff,Hannes Peer,João Costa Ribeiro,Beat Schenk,Saskia Simon,Kristina Skoogh,Anna Sutor,Sybille Wälty,Leonard Weil,Victoria Willocks,Dan Wood,,,,,,,,,,,,,,,,,,,,,,,,,,,,,,,,,,,,,,,,,,,,,,,,,,,,,,,,,,,,,,,,,,,,
171,D:\Google Drive\Architecture\2017\11222 Critique\11222 OMA Map\Project Data\171.jpg,Shanghai Expo 2010,Shanghai-Expo-2010,oma.eu,2004,Project,Commissioned Study,Research,,TRUE,,Markus Schaefer,PROJECT ARCHITECT,Theo Deutinger,HARVARD GSD TEAM,Margaret Arbanas,Jason Long,Nanne de Ru,,,,,,,,,,,,,,,,,,,,,,,,,,,,,,,,,,,,,,,,,,,,,,,,,,,,,,,,,,,,,,,,,,,,,,,,,,,,,,,,,,,,,,,,,,,
172,D:\Google Drive\Architecture\2017\11222 Critique\11222 OMA Map\Project Data\172.jpg,Souterrain Tram Tunnel,Souterrain-Tram-Tunnel,oma.eu,2004,Project,Completed,Infrastructure,,TRUE,,Hernando Arrazola,Juliette Bekkering,Frans Blok,Rients Dijkstra,Jeanne Gang,Udo Garritzmann,Douglas Grieco,René Heijnen,Fuminori Hoshino,Winy Maas,Ray Maggiore,Farshid Moussavi,Miguel Rodriguez-Casellas,Karolien de Schepper,Enno Stemerding,Hiroki Sugiyama,Willem Timmer,Tom Tulloch,Yushi Uehara,Jacques Vink,,,,,,,,,,,,,,,,,,,,,,,,,,,,,,,,,,,,,,,,,,,,,,,,,,,,,,,,,,,,,,,,,,,,,,,,,,,,,,
173,D:\Google Drive\Architecture\2017\11222 Critique\11222 OMA Map\Project Data\173.jpg,White City,White-City,oma.eu,2004,Project,Competition,Masterplan,,TRUE,,Markus Dettling,Beth Hughes,Floris Alkemade,Filipe Balestra,Thibaut Barrault,Joshua Beck,Clément Blanchet,Christian Brimmer,Annalisa Castorri,Claire Destrebecq,Frank Eittorf,Benedicte Erritzoe,Nicolas Firket,Adam Frampton,Stamatis Giannikis,Andrew Griffin,Joyce Hsiang,Pieter Janssens,Pascal Lestringant,Joana Da Rocha Sá Lima,Anna Little,Mee Michelle Liu,Jason Long,Rob de Maat,Ben Milbourne,Anne Moerman,David Eugin Moon,Matthew Logan Murphy,Charles Peronin,Stefanie Rack,Alexander Reichert,Richard Sharam,Shohei Shigematsu,Jin Song,Leo Stevens,Christin Svensson,Felix Tönis,Laurent Troost,Boris Vapne,Minoru Watanabe,Claudia Wolsfeld,Camia Young,,,,,,,,,,,,,,,,,,,,,,,,,,,,,,,,,,,,,,,,,,,,,,,,,,,,,,,,
174,D:\Google Drive\Architecture\2017\11222 Critique\11222 OMA Map\Project Data\174.jpg,Almere Masterplan,Almere-Masterplan,oma.eu,2005,Project,Completed,Masterplan,,TRUE,,Kees van Casteren,Rob de Maat,Olga Aleksakova,Juliette Bekkering,Bina Bhattacharya,Bart Cardinaal,Markus Dettling,Rob Hilz,Philip Koenen,Karen Shanski,Shohei Shigematsu,Mark Watanabe,,,,,,,,,,,,,,,,,,,,,,,,,,,,,,,,,,,,,,,,,,,,,,,,,,,,,,,,,,,,,,,,,,,,,,,,,,,,,,,,,,,,,,
175,D:\Google Drive\Architecture\2017\11222 Critique\11222 OMA Map\Project Data\175.jpg,Anish Kapoor House,Anish-Kapoor-House,oma.eu,2005,Project,Commissioned Study,Residential,,TRUE,,Chris van Duijn,Pieter Janssens,Edoardo Lucchini-Gabriolo,,,,,,,,,,,,,,,,,,,,,,,,,,,,,,,,,,,,,,,,,,,,,,,,,,,,,,,,,,,,,,,,,,,,,,,,,,,,,,,,,,,,,,,,,,,,,,,
176,D:\Google Drive\Architecture\2017\11222 Critique\11222 OMA Map\Project Data\176.jpg,Balandra Bay,Balandra-Bay,oma.eu,2005,Project,Competition,Masterplan,,TRUE,,Filipe Balestra,Berit Bessell,Katrin Betschinger,Fernando Donis,Gustavo Guimarães,Miho Mazereeuw,Laurent Troost,Leonie Wenz,,,,,,,,,,,,,,,,,,,,,,,,,,,,,,,,,,,,,,,,,,,,,,,,,,,,,,,,,,,,,,,,,,,,,,,,,,,,,,,,,,,,,,,,,,
177,D:\Google Drive\Architecture\2017\11222 Critique\11222 OMA Map\Project Data\177.jpg,Baltic Pearl,Baltic-Pearl,oma.eu,2005,Project,Competition,Masterplan,,TRUE,,Reinier de Graaf,Shohei Shigematsu,,,,,,,,,,,,,,,,,,,,,,,,,,,,,,,,,,,,,,,,,,,,,,,,,,,,,,,,,,,,,,,,,,,,,,,,,,,,,,,,,,,,,,,,,,,,,,,,
178,D:\Google Drive\Architecture\2017\11222 Critique\11222 OMA Map\Project Data\178.jpg,Casa da Musica,Casa-da-Musica,oma.eu,2005,Project,Completed,Theatre,,TRUE,,Ellen van Loon,Uwe Herlyn,Fernando Romero,Isabel da Silva,Barbara Wolff,Rita Amado,Alois Baptista,Christina Beaumont,Catarina Canas,André Cardoso,Robert Choeff,Paulo Costa,Thomas Duda,Chris van Duijn,Adrianne Fisher,Govert Gerritsen,Stephan Griek,Michelle Howard,Ana Jacinto,Alex de Jong,Krystyan Keck,Philip Koenen,Eduarda Lima,Anna Little,Fabienne Louyot,Christian von der Muelde,Peter Müller,Shadi Rahbaran,Nuno Rosado,João Prates Ruivo,Christoff Scholl,Isabel da Silva,Saskia Simon,Barbara Wolff,,,,,,,,,,,,,,,,,,,,,,,,,,,,,,,,,,,,,,,,,,,,,,,,,,,,,,,,,,,,,,,,
179,D:\Google Drive\Architecture\2017\11222 Critique\11222 OMA Map\Project Data\179.jpg,Hermitage Museum,Hermitage-Museum,oma.eu,2005,Project,Completed,Research,,TRUE,,Reinier de Graaf,Olga Aleksakova,Filipe Balestra,Berit Bessell,Hans Christian Bock,Anya Bokov,Annalisa Castorri,Benjamin Clarens,Ana Dijk,Fernando Donis,Michal Gdak,Jeremy Godenir,Gustavo Guimarães,Beth Hughes,Julius Kranefuss,Olga Krutjak,Alexey Levchuk,Felix Madrazo,Miho Mazereeuw,Brendan McGetrick,Ben Milbourne,Konstantinos Pantazis,Stefi Rack,Beatriz Ramo,Jenss Ramona,Todd Reisz,Marianna Rentzou,Mendel Robbers,Nanne de Ru,Shohei Shigematsu,Anastacia Smirnova,Michael Smith,Alexander Sverdlov,Laurent Troost,Stephen Wang,Richard Wang,Claudia Wolsfeld,,,,,,,,,,,,,,,,,,,,,,,,,,,,,,,,,,,,,,,,,,,,,,,,,,,,,,,,,,,,,
180,D:\Google Drive\Architecture\2017\11222 Critique\11222 OMA Map\Project Data\180.jpg,Jeddah International Airport,Jeddah-International-Airport,oma.eu,2005,Project,Commissioned Study,Landscape,,TRUE,,Fernando Donis,João Amaro,Filipe Balestra,Joshua Beck,Katrin Betschinger,Tiago Branco-Sampaio,Haiko Cornelissen,Inge Goudsmit,Gustavo Guimarães,Miho Mazereeuw,Ben Milbourne,Joao Ruivo,Laurent Troost,Leonie Wenz,,,,,,,,,,,,,,,,,,,,,,,,,,,,,,,,,,,,,,,,,,,,,,,,,,,,,,,,,,,,,,,,,,,,,,,,,,,,,,,,,,,,
181,D:\Google Drive\Architecture\2017\11222 Critique\11222 OMA Map\Project Data\181.jpg,Prada Epicenter London,Prada-Epicenter-London,oma.eu,2005,Project,Commissioned Study,Retail,,TRUE,,Shohei Shigematsu,Chris van Duijn,Tanner Merkeley,Kengo Skorick,Michael Smith,Suzannah Waldron,,,,,,,,,,,,,,,,,,,,,,,,,,,,,,,,,,,,,,,,,,,,,,,,,,,,,,,,,,,,,,,,,,,,,,,,,,,,,,,,,,,,,,,,,,,,
182,D:\Google Drive\Architecture\2017\11222 Critique\11222 OMA Map\Project Data\182.jpg,Prada Epicenter Shanghai,Prada-Epicenter-Shanghai,oma.eu,2005,Project,Commissioned Study,Retail,,TRUE,,Shohei Shigematsu,Joshua Beck,Berit Bessell,João Bravo da Costa,Levent Kerimol,Mee Michelle Liu,,,,,,,,,,,,,,,,,,,,,,,,,,,,,,,,,,,,,,,,,,,,,,,,,,,,,,,,,,,,,,,,,,,,,,,,,,,,,,,,,,,,,,,,,,,,
183,D:\Google Drive\Architecture\2017\11222 Critique\11222 OMA Map\Project Data\183.jpg,Seoul National University Museum Of Art,Seoul-National-University-Museum-Of-Art,oma.eu,2005,Project,Completed,Museum / Gallery,,TRUE,,Kunle Adeyemi,George Bucher,Shiro Ogata,Roberto Otero,Pilar Armand-Ugón,Emese Barcosi,Frans Blok,George Bucher,Rodrigo Nunèz Carrasco,Isabel Casanellas,Minsuk Cho,Wim Eckert,Piet Eckert,Rodney Eggleston,Anthony Fontenot,Natacha Fricout,Jeremy Godenir,Andreas Huhn,Antonis Karides,Young Joon Kim,Rob de Maat,Shiro Ogata,Philip Oswalt,Roberto Otero,Tae Hong Park,Rodrigo Patricio,Matteo Poli,Sabine Schaaf,Isabel da Silva,Don Weber,Steffi Wedde,Camia Young,Daniela Zimmer,,,,,,,,,,,,,,,,,,,,,,,,,,,,,,,,,,,,,,,,,,,,,,,,,,,,,,,,,,,,,,,,,
184,D:\Google Drive\Architecture\2017\11222 Critique\11222 OMA Map\Project Data\184.jpg,Sighvatsson House,Sighvatsson-House,oma.eu,2005,Project,Commissioned Study,Residential,,TRUE,,Chris van Duijn,Pieter Janssens,Edoardo Lucchini-Gabriolo,Vitor Smolka,,,,,,,,,,,,,,,,,,,,,,,,,,,,,,,,,,,,,,,,,,,,,,,,,,,,,,,,,,,,,,,,,,,,,,,,,,,,,,,,,,,,,,,,,,,,,,
185,D:\Google Drive\Architecture\2017\11222 Critique\11222 OMA Map\Project Data\185.jpg,Venice Biennale 2005: Expansion Neglect,Venice-Biennale-2005:-Expansion-Neglect,oma.eu,2005,Project,Completed,Exhibition,,TRUE,,Samir Bantal,Joao Leal Bravo da Costa,Emilie Gomart,Jens Hommert,Felix Madrazo,Brendan McGetrick,Holger Pausch,Alexander Reichert,Todd Reisz,Mendel Robbers,,,,,,,,,,,,,,,,,,,,,,,,,,,,,,,,,,,,,,,,,,,,,,,,,,,,,,,,,,,,,,,,,,,,,,,,,,,,,,,,,,,,,,,,
186,D:\Google Drive\Architecture\2017\11222 Critique\11222 OMA Map\Project Data\186.jpg,Vincent Gallo Apartment,Vincent-Gallo-Apartment,oma.eu,2005,Project,Commissioned Study,Residential,,TRUE,,Chris van Duijn,Pieter Janssens,Edoardo Lucchini-Gabriolo,,,,,,,,,,,,,,,,,,,,,,,,,,,,,,,,,,,,,,,,,,,,,,,,,,,,,,,,,,,,,,,,,,,,,,,,,,,,,,,,,,,,,,,,,,,,,,,
187,D:\Google Drive\Architecture\2017\11222 Critique\11222 OMA Map\Project Data\187.jpg,111 First Street,111-First-Street,oma.eu,2006,Project,Design Development,Mixed use,,TRUE,,Shohei Shigematsu,Margaret Arbanas,Tomek Bartczak,Chun Yue Chiu,Jan Dechow,Duncan Flemington,Adam Frampton,Ludwig Godefroy,Alasdair Graham,Richard Hollington,Jin Hong Jeon,Simon de Jong,Klaas Kresse,Jang Hwan Lee,Javier Muñoz,Jung Hwan Park,Ian Robertson,Martin Schliefer,Torsten Schröder,Jesse Seegers,Noah Shepherd,Kengo Skorick,Christin Svensson,,,,,,,,,,,,,,,,,,,,,,,,,,,,,,,,,,,,,,,,,,,,,,,,,,,,,,,,,,,,,,,,,,,,,,,,,,,
188,D:\Google Drive\Architecture\2017\11222 Critique\11222 OMA Map\Project Data\188.jpg,2007 FW Prada Men's Show,2007-FW-Prada-Men's-Show,oma.eu,2006,Project,Completed,Scenography,,TRUE,,Alexander Reichert,Koen Stockbroekx,,,,,,,,,,,,,,,,,,,,,,,,,,,,,,,,,,,,,,,,,,,,,,,,,,,,,,,,,,,,,,,,,,,,,,,,,,,,,,,,,,,,,,,,,,,,,,,,
189,D:\Google Drive\Architecture\2017\11222 Critique\11222 OMA Map\Project Data\189.jpg,Abuja Aist,Abuja-Aist,oma.eu,2006,Project,Competition,Mixed use,,TRUE,,Floris Alkemade,Ademide Adelusi Adeluyi,Kunle Adeyemi,Pablo Barrera,Christian Brimmer,Haiko Cornelissen,Joao Leal Bravo da Costa,Maria Derevencova,Beth Hughes,Edoardo Lucchini-Gabriolo,Ralph van Mameren,Felix Tönis,,,,,,,,,,,,,,,,,,,,,,,,,,,,,,,,,,,,,,,,,,,,,,,,,,,,,,,,,,,,,,,,,,,,,,,,,,,,,,,,,,,,,,
190,D:\Google Drive\Architecture\2017\11222 Critique\11222 OMA Map\Project Data\190.jpg,Almaty Science Campus,Almaty-Science-Campus,oma.eu,2006,Project,Design Development,Education,,FALSE,,Behnaz Assadi,Ludwig Godefroy,Arie Gruijters,Olaf Härtel,Richard Hollington,Bin Kim,Mirai Morita,Max Rink,Ian Robertson,Edward Solodukhin,Laurent Troost,,,,,,,,,,,,,,,,,,,,,,,,,,,,,,,,,,,,,,,,,,,,,,,,,,,,,,,,,,,,,,,,,,,,,,,,,,,,,,,,,,,,,,,
191,D:\Google Drive\Architecture\2017\11222 Critique\11222 OMA Map\Project Data\191.jpg,Boompjes 60-68,Boompjes-60-68,oma.eu,2006,Project,Commissioned Study,Office,,TRUE,,Floris Alkemade,Ralph van Mameren,Arman Akdogan,Rafael Balestra,Mariano Sagasta Garcia,Lorenzo Marasso,Ana Martins,Francesco Marull,,,,,,,,,,,,,,,,,,,,,,,,,,,,,,,,,,,,,,,,,,,,,,,,,,,,,,,,,,,,,,,,,,,,,,,,,,,,,,,,,,,,,,,,,,
192,D:\Google Drive\Architecture\2017\11222 Critique\11222 OMA Map\Project Data\192.jpg,"Casa da Música, Ellen van Loon",Casa-da-Música-Ellen-van-Loon,oma.eu,2006,Lecture,Lecture,N/A,,FALSE,,Ellen van Loon,,,,,,,,,,,,,,,,,,,,,,,,,,,,,,,,,,,,,,,,,,,,,,,,,,,,,,,,,,,,,,,,,,,,,,,,,,,,,,,,,,,,,,,,,,,,,,,,,
193,D:\Google Drive\Architecture\2017\11222 Critique\11222 OMA Map\Project Data\193.jpg,City in The Desert,City-in-The-Desert,oma.eu,2006,Project,Commissioned Study,Masterplan,,TRUE,,Reinier de Graaf,Samir Bantal,Tomek Bartczak,Philippe Braun,Martin Gallovsky,Mariano Sagasta Garcia,Kai van Hasselt,Beth Hughes,Pieter Janssens,Ravi Kamisetti,Bin Kim,Daniel Klos,Barend Koolhaas,Miho Mazereeuw,Morai Morita,Nicola Nett,Alain Peauroi,Daliana Suryawinata,Christin Svensson,Beth Hughes,Jin Hong Jeon,Bin Kim,Mirai Morita,Erica Osterlund,Matthew Seidel,Shuo Wang,Jing Zhang,,,,,,,,,,,,,,,,,,,,,,,,,,,,,,,,,,,,,,,,,,,,,,,,,,,,,,,,,,,,,,,,,,,,,,,
194,D:\Google Drive\Architecture\2017\11222 Critique\11222 OMA Map\Project Data\194.jpg,Dubai Renaissance,Dubai-Renaissance,oma.eu,2006,Project,Competition,Mixed use,,TRUE,,Fernando Donis,Katrin Betschinger,Clément Blanchet,Maria Derevencova,Martin Gallovsky,Michal Gdak,Katharina Gerlach,Miho Mazereeuw,Ben Milbourne,Beatriz Minguez de Molina,Bart Schoonderbeek,Laurent Troost,Suzannah Waldron,Anneke van Zuethem,,,,,,,,,,,,,,,,,,,,,,,,,,,,,,,,,,,,,,,,,,,,,,,,,,,,,,,,,,,,,,,,,,,,,,,,,,,,,,,,,,,,
195,D:\Google Drive\Architecture\2017\11222 Critique\11222 OMA Map\Project Data\195.jpg,Gazprom Headquarters,Gazprom-Headquarters,oma.eu,2006,Project,Competition,Mixed use,,TRUE,,Reinier de Graaf,Fernando Donis,Katrin Bernickel,Maria Derevencova,Duncan Flemington,Stephen Form,Adam Frampton,Michal Gdak,Daphna Glaubert,Richard Hollington,Joyce Hsiang,Lina Korber,Joana Da Rocha Sá Lima,Anna Little,Nicola Nett,Marc Paulin,Walter Schabmueller,Ola Strandell,Manuel Villanueva,Yang Yang,Daniel Zarhy,Zhiyang Zhang,,,,,,,,,,,,,,,,,,,,,,,,,,,,,,,,,,,,,,,,,,,,,,,,,,,,,,,,,,,,,,,,,,,,,,,,,,,,
196,D:\Google Drive\Architecture\2017\11222 Critique\11222 OMA Map\Project Data\196.jpg,Jebel Al Jais Mountain Resort,Jebel-Al-Jais-Mountain-Resort,oma.eu,2006,Project,Design Development,Masterplan,,TRUE,,Reinier de Graaf,Luca Astorri,Samir Bantal,Tomek Bartczak,Daniele De Benedictis,Jan Dechow,Maria Derevencova,Adam Frampton,Martin Gallovsky,Beth Hughes,Pieter Janssens,Ravi Kamisetti,Bin Kim,Barend Koolhaas,So Jung Lee,Miho Mazereeuw,Mirai Morita,Ian Robertson,DESIGN DEVELOPMENTASSOCIATE,Beth Hughes,Adam Frampton,Joyce Hsiang,Jung Hwan Park,Tudor Vlasceanu,,,,,,,,,,,,,,,,,,,,,,,,,,,,,,,,,,,,,,,,,,,,,,,,,,,,,,,,,,,,,,,,,,,,,,,,,,
197,D:\Google Drive\Architecture\2017\11222 Critique\11222 OMA Map\Project Data\197.jpg,"Junkspace, Quodlibet",Junkspace-Quodlibet,oma.eu,2006,Publication,Publication,N/A,,TRUE,,N/A,,,,,,,,,,,,,,,,,,,,,,,,,,,,,,,,,,,,,,,,,,,,,,,,,,,,,,,,,,,,,,,,,,,,,,,,,,,,,,,,,,,,,,,,,,,,,,,,,
198,D:\Google Drive\Architecture\2017\11222 Critique\11222 OMA Map\Project Data\198.jpg,Kuwait Al Rai Masterplan,Kuwait-Al-Rai-Masterplan,oma.eu,2006,Project,Design Development,Masterplan,,TRUE,,Reinier de Graaf,Samir Bantal,Anne-Sophie Bernard,Philippe Braun,Fernando Donis,Carlos García González,Gustavo Guimarães,Pieter Janssens,Barend Koolhaas,Miho Mazereeuw,Charles-Antoine Perreault,,,,,,,,,,,,,,,,,,,,,,,,,,,,,,,,,,,,,,,,,,,,,,,,,,,,,,,,,,,,,,,,,,,,,,,,,,,,,,,,,,,,,,,
199,D:\Google Drive\Architecture\2017\11222 Critique\11222 OMA Map\Project Data\199.jpg,La Defense Projet Phare,La-Defense-Projet-Phare,oma.eu,2006,Project,Competition,Mixed use,,TRUE,,Ellen van Loon,Clément Blanchet,Luca Astorri,Tomek Bartczak,Anne-Sophie Bernard,Katrin Bernickel,Andrea Bertassi,Philippe Braun,Alejandro Aguirre de Carcer,Karen Crequer,Jan Dechow,Adrianne Fisher,Duncan Flemington,Michal Gdak,Daphna Glaubert,Bin Kim,Keigo Kobayashi,Oliver Luetjens,Javier Muñoz,David Nam,Mauro Parravicini,Alain Peauroi,Charles Antoine Perreault,Yang Yang,,,,,,,,,,,,,,,,,,,,,,,,,,,,,,,,,,,,,,,,,,,,,,,,,,,,,,,,,,,,,,,,,,,,,,,,,,
200,D:\Google Drive\Architecture\2017\11222 Critique\11222 OMA Map\Project Data\200.jpg,Nancy Artem Campus,Nancy-Artem-Campus,oma.eu,2006,Project,Competition,Education,,TRUE,,Floris Alkemade,Clément Blanchet,Joshua Beck,Philippe Braun,Karen Crequer,Anders Esko-Nielsen,Olivia Fontanetti,Adam Furman,Stamatis Giannikis,Kristian Holm,Peter Jannssens,Daniel Klos,Johannes Kohnle,Felix Madrazo,Daniel Ostrowski,Joao Ruivo,Karel Wuytack,,,,,,,,,,,,,,,,,,,,,,,,,,,,,,,,,,,,,,,,,,,,,,,,,,,,,,,,,,,,,,,,,,,,,,,,,,,,,,,,,
201,D:\Google Drive\Architecture\2017\11222 Critique\11222 OMA Map\Project Data\201.jpg,Porsche Towers,Porsche-Towers,oma.eu,2006,Project,Design Development,Mixed use,,TRUE,,Fernando Donis,Alexandria Algard,Berit Bessell,Katrin Betschinger,Alexander Giarlis,Uli Herres,Jin Hong Jeon,Martti Kalliala,Michel van de Kar,Daan Ooievaar,Mauro Parravicini,,,,,,,,,,,,,,,,,,,,,,,,,,,,,,,,,,,,,,,,,,,,,,,,,,,,,,,,,,,,,,,,,,,,,,,,,,,,,,,,,,,,,,,
202,D:\Google Drive\Architecture\2017\11222 Critique\11222 OMA Map\Project Data\202.jpg,"Post-Occupancy, Domus d'Autore",Post-Occupancy-Domus-d'Autore,oma.eu,2006,Publication,Publication,N/A,,TRUE,,Kayoko Ota,Alex Lin,Michael Rock,Felix Madrazo,Christina Murphy,Marieke Kums,Brendan McGetrick,Mee Michelle Liu,Michael Smith,Ademide Adelusi Adeluyi,Reinier de Graaf,Jason Long,Ole Scheeren,,,,,,,,,,,,,,,,,,,,,,,,,,,,,,,,,,,,,,,,,,,,,,,,,,,,,,,,,,,,,,,,,,,,,,,,,,,,,,,,,,,,,
203,D:\Google Drive\Architecture\2017\11222 Critique\11222 OMA Map\Project Data\203.jpg,Riga Contemporary Art Museum,Riga-Contemporary-Art-Museum,oma.eu,2006,Project,Commissioned Study,Museum / Gallery,,TRUE,,Reinier de Graaf,Beth Hughes,Miho Mazereeuw,Daniele De Benedictis,Anders Berensson,Andrea Bertassi,Gabriela Bojalil,Maria Derevencova,Markus Dettling,Arjan Geelhoed,Soe Hwang,Keigo Kobayashi,Klaas Kresse,Ilze Kruskopa,Mara Liepa-Zemesa,Martin Murrenhoff,Ludvig Netre,Marc Paulin,Todd Reisz,Koen Stockbroekx,Daliana Suryawinata,Alice Wong,,,,,,,,,,,,,,,,,,,,,,,,,,,,,,,,,,,,,,,,,,,,,,,,,,,,,,,,,,,,,,,,,,,,,,,,,,,,
204,D:\Google Drive\Architecture\2017\11222 Critique\11222 OMA Map\Project Data\204.jpg,Riga Port City,Riga-Port-City,oma.eu,2006,Project,Commissioned Study,Masterplan,,TRUE,,Reinier de Graaf,Samir Bantal,Thibaut Barrault,Marta Bastos,Gabriela Bojalil,Maria Derevencova,Markus Dettling,Marcin Ganczarski,Achim Gergen,Daphna Glaubert,Benny Ho,Joyce Hsiang,Beth Hughes,Simon de Jong,Keigo Kobayashi,Johannes Kohnle,Jang Hwan Lee,Brendan McGetrick,Anne Menke,Martin Murrenhoff,Mathieu De Paepe,Felix Tönis,Olga Vazquez-Ruano,,,,,,,,,,,,,,,,,,,,,,,,,,,,,,,,,,,,,,,,,,,,,,,,,,,,,,,,,,,,,,,,,,,,,,,,,,,
205,D:\Google Drive\Architecture\2017\11222 Critique\11222 OMA Map\Project Data\205.jpg,Scotts Tower,Scotts-Tower,oma.eu,2006,Project,Design Development,Mixed use,,FALSE,,Ole Scheeren,Eric Chang,Caro Baumann,Dan Cheong,Kevin S.K. Lim,Chiaju Lin,Ted Lin,Johann Oesterle,Amie Shao,Joseph Tang,,,,,,,,,,,,,,,,,,,,,,,,,,,,,,,,,,,,,,,,,,,,,,,,,,,,,,,,,,,,,,,,,,,,,,,,,,,,,,,,,,,,,,,,
206,D:\Google Drive\Architecture\2017\11222 Critique\11222 OMA Map\Project Data\206.jpg,Serpentine Gallery Pavilion,Serpentine-Gallery-Pavilion,oma.eu,2006,Project,Completed,Museum / Gallery,,TRUE,,Clément Blanchet,Karen Crequer,Adam Furman,Karel Wuytack,,,,,,,,,,,,,,,,,,,,,,,,,,,,,,,,,,,,,,,,,,,,,,,,,,,,,,,,,,,,,,,,,,,,,,,,,,,,,,,,,,,,,,,,,,,,,,
207,D:\Google Drive\Architecture\2017\11222 Critique\11222 OMA Map\Project Data\207.jpg,"The Gulf, Lars Müller Publishers",The-Gulf-Lars-Müller-Publishers,oma.eu,2006,Publication,Publication,N/A,,TRUE,,N/A,,,,,,,,,,,,,,,,,,,,,,,,,,,,,,,,,,,,,,,,,,,,,,,,,,,,,,,,,,,,,,,,,,,,,,,,,,,,,,,,,,,,,,,,,,,,,,,,,
208,D:\Google Drive\Architecture\2017\11222 Critique\11222 OMA Map\Project Data\208.jpg,Venice Biennale 2006: The Gulf,Venice-Biennale-2006:-The-Gulf,oma.eu,2006,Project,Completed,Exhibition,,TRUE,,Reinier de Graaf,Kayoko Ota,William Todd Reisz,Hausatu Abdul-Karim,Ademide Adelusi Adeluyi,Jason Atkins,Samir Bantal,Tomek Bartczak,Anne-Sophie Bernard,Andrea Bertassi,Katrin Betschinger,Ezra Block,Fernando Donis,Talia Dorsey,Martin Gallovsky,Lily Jencks,Ravi Kamisetti,Julie Kaufman,Daniel Klos,Jan Knikker,Barend Koolhaas,Sara Martin,Miho Mazereeuw,Cristina Cassandra Murphy,Charles-Antoine Perreault,Daniel Rabin,Marieke Rietbergen,Guillaume Yersin,,,,,,,,,,,,,,,,,,,,,,,,,,,,,,,,,,,,,,,,,,,,,,,,,,,,,,,,,,,,,,,,,,,,,,
209,D:\Google Drive\Architecture\2017\11222 Critique\11222 OMA Map\Project Data\209.jpg,Zaragoza Museum of Fine Arts,Zaragoza-Museum-of-Fine-Arts,oma.eu,2006,Project,Competition,Museum / Gallery,,TRUE,,Ellen van Loon,Stine Avlund,Christina Beaumont,Anders Berensson,Andrea Bertassi,Anders Esko-Nielsen,Mariano Sagasta Garcia,Katharina Gerlach,Carlos García González,Beth Hughes,Johannes Kohnle,Henrike Kortemeyer,Anna Little,Javier Muñoz,Cristina Cassandra Murphy,Mauro Parravicini,Todd Reisz,Maurizio Scarciglia,Shohei Shigematsu,Lorenzo Vianello,Hilbrand Wanders,,,,,,,,,,,,,,,,,,,,,,,,,,,,,,,,,,,,,,,,,,,,,,,,,,,,,,,,,,,,,,,,,,,,,,,,,,,,,
